"0","johnnyhernandez@yahoo.com","pbkdf2:sha256:50000$zv18GVeM$828a1a5e9e21bbace66364bc6aea6201a7331bbac2fbff2fc85e6e9d17bb9ada","Kristen","Hanson","341558"
"1","jamesmyers@hotmail.com","pbkdf2:sha256:50000$utkh7AbB$2637fba31bc88cbb8ab5c6dbf3c425ede0939bea7933369c055ee4d34ba15a55","Deanna","Wilson","366814"
"2","bentleyjennifer@gmail.com","pbkdf2:sha256:50000$sitV8UKx$3456a9338906c4eb962e7a560b572a187342402d56ace44e6188f8960698ab60","Amy","Campbell","402161"
"3","benjaminbrooks@gmail.com","pbkdf2:sha256:50000$oBAaW0rr$cda3d89815c7b998b3710935d46636a0e05409f359971f5a0b171c701f618aa7","Amy","Maldonado","487459"
"4","lopezgerald@hotmail.com","pbkdf2:sha256:50000$8v5k4IUd$0e412bc79965c5ac9f4cf5a8791ea2a6d52d5d73412037081317f2b65487889d","Jason","Young","128315"
"5","williamsjeffrey@gmail.com","pbkdf2:sha256:50000$blj0zZRG$b5a68d17e37fe55451a1c61a3546528b5d407a53a41ddf32577d1ad0cc84e0f7","Henry","Nelson","204518"
"6","hdiaz@yahoo.com","pbkdf2:sha256:50000$ZlfJKnna$ab7d65d0a42cb3f1fbd16b3b917ee88e63aaafdbbfac9c7d098f210eb43d0315","Amber","Cisneros","578"
"7","hooddakota@gmail.com","pbkdf2:sha256:50000$II1sRlxV$6ecfab496b588625da083652f46ed672b9746e581f729c62759cea49e78bfbb3","Karen","Silva","25427"
"8","fgallegos@yahoo.com","pbkdf2:sha256:50000$1UXHxTPQ$f62eaa425c272849c85de902ff0ac56803e5b65aebc65cf2796f9b9e3409633b","Nicholas","Rivera","135864"
"9","robert43@gmail.com","pbkdf2:sha256:50000$yIl5i20c$8acc89a3afcc0c479eea2578d26b4ebbc4a5a9aa0bc862b63ec71085094ac22b","Stephanie","Stewart","94571"
"10","johnny57@hotmail.com","pbkdf2:sha256:50000$om5KpwUc$70eb61c2cfd5a36a2c8b8f02cd5ae6327c2b62502b942ca1f24cbc5a5f46d46d","Alison","Rice","191156"
"11","poperebecca@hotmail.com","pbkdf2:sha256:50000$25N9pllq$d9b0aaf909ccf2301700e315fde7fd7d22d13ab43bacc2452af0cf39b440f1d4","Michael","Martinez","249623"
"12","darrellnelson@gmail.com","pbkdf2:sha256:50000$Z0ydhvoY$c97beb7c41c0b7e48bb933645a5ee3b3e7c0e7dcd6d9eed37d34676ec825a01f","William","Taylor","311126"
"13","dsteele@hotmail.com","pbkdf2:sha256:50000$YaIcHGOt$9f160bf340ce2a757d1df4e2d1aec0accfec09166fa74bfb8fe533c26769218e","Brian","Green","40801"
"14","djohnston@hotmail.com","pbkdf2:sha256:50000$hqkQuNvI$48898be126df1e34e413d913b399e45e3c3f5992927b3a6ef3914f16f807dad2","Christopher","Ward","466682"
"15","kyle75@yahoo.com","pbkdf2:sha256:50000$j3rsH5hb$684edf430c2abebb9cf50005b0d1e34c8de0b6dce6771b91dab6006491cd348c","Joseph","Daniels","400161"
"16","robertsemily@hotmail.com","pbkdf2:sha256:50000$5y11jtX0$1bbb43760339f7472f1d2971fcf70fb9087e8fa1f497a214a320d4b2972e7faa","Olivia","Baker","202399"
"17","linda31@hotmail.com","pbkdf2:sha256:50000$fGGNiD9z$13e223989a57104110cea41f1b441ece697c26a20990f4849190e7f66d099bb5","Lee","Graham","177879"
"18","jameswilson@hotmail.com","pbkdf2:sha256:50000$I4BTQslf$be2708c509b72ef7ff653247683bc330ac11a08bca5264405594ec4b0108ec17","Richard","Lewis","247343"
"19","davidsullivan@yahoo.com","pbkdf2:sha256:50000$oBzTiT3B$6215fcbe700565e60399e93b635c79e682d2c8981d79414fb40e95a58213b1f6","Lindsay","Reed","356263"
"20","robinsonmichael@gmail.com","pbkdf2:sha256:50000$id1Yic89$60669b66ef25b7c52c4a805332c24761910791b3c554f6c83923d76413d4db24","Kathryn","Hampton","267214"
"21","friley@hotmail.com","pbkdf2:sha256:50000$flIWqe74$92e43a9a32f42610c8cbd31d0c118a1d47459eea9d17a60536fdb71522647702","Amanda","Hall","186917"
"22","earnold@yahoo.com","pbkdf2:sha256:50000$PfamYap1$2b7cd5e5746ca9002fac95b89295f2362e254f51b5523e0288d56339ee2dc22a","Marcus","Robinson","326724"
"23","daleglover@hotmail.com","pbkdf2:sha256:50000$wzYNifLJ$ce46c5e156107c8f0d66d84cf8b67d9ae35a979a118cbc22b774b6ee6f7e9fd8","Michael","Carson","498463"
"24","collinsmichael@gmail.com","pbkdf2:sha256:50000$lpL87bty$d958d79c89cc662abd05b374f831c1cd8cc5594694f493fa7fc185c3e6e9fc5c","John","Roth","268399"
"25","katherineorozco@gmail.com","pbkdf2:sha256:50000$hwUmiBcB$e7948e86ad210ede4f7b2d713a38cb1e18972af4a57205394f1a013a3da1245a","James","Stewart","494754"
"26","jamesmarsh@yahoo.com","pbkdf2:sha256:50000$ySfXoshE$6e4d3fcb1767809b3fc45bf2bd5f50f7cb8a725f6936fe51635d60dc6ecaca0f","Kendra","MD","237291"
"27","wrightangela@yahoo.com","pbkdf2:sha256:50000$XCwvP4ML$7bd72c1c079f2ada551ce465f03340815717b4b186a00e2c0424d6f03b5b5248","Richard","Rice","32942"
"28","jarnold@hotmail.com","pbkdf2:sha256:50000$rnK5LgJK$c12c8ad0e4c17d6ddf62d734c23c087c7f632aed49fc7d1ec28bb5e4964d3537","Shelby","Williams","367740"
"29","brandonreynolds@hotmail.com","pbkdf2:sha256:50000$IqUAnsMr$d93b4c787f16de16047c93461b5da161065c0a7fd3afcb1e424f7646de55487b","Daniel","Bryant","260966"
"30","randygarza@yahoo.com","pbkdf2:sha256:50000$DCyjJ1bJ$4cd7b17a5c9c3676c784264c932876705539e2d976e9148eae35355d3505d8e4","Timothy","Krause","127735"
"31","michelle18@yahoo.com","pbkdf2:sha256:50000$l8qn1t2Q$593f787054ac6ce9a52a6985789bc16de0731cc75e0a5ec81f043d95188134aa","Chelsea","Franco","397198"
"32","carolyn99@yahoo.com","pbkdf2:sha256:50000$uPCpsTZc$084d6925b238d2248494bb2def7ee1d1ca89a0dc417f0d56276113aa269c6029","Dylan","Cummings","58915"
"33","jeanette84@gmail.com","pbkdf2:sha256:50000$wVGHovBd$d964bfe3401f90b28912d37f287083f03f3d4ab8effd8c3a3939aff56fc0003f","Andrew","Bryant","241733"
"34","williamsmichelle@yahoo.com","pbkdf2:sha256:50000$S5qA8nmb$c62b0e34b38a4a11b037016265ca4884dd86615dbb5ffacdb569a1faa65b5fb6","Andrea","Nolan","393895"
"35","sharontaylor@yahoo.com","pbkdf2:sha256:50000$pHLoBXoI$b5b021876d6405761cc9c591dc830891c8f472e3163c85833cf882cd393a1f41","Eric","Johnson","473409"
"36","rhiggins@gmail.com","pbkdf2:sha256:50000$sk8POX7p$b0b69bc29f4198e81d36a62aa0e3f1f68e18d0ae6648dd692a6754b78742e3c3","Alice","Duncan","140347"
"37","james76@hotmail.com","pbkdf2:sha256:50000$T5uQMV0L$7f3d6745dfb28320b2968ad6c63715feec1687e3dc323f5de6480077e55f0027","Mary","Mckinney","243495"
"38","lcruz@hotmail.com","pbkdf2:sha256:50000$nIBG5NjB$c854fb6273d95f6d4bb1ab512271f7d55b46c8f95293eefde8310d2f144b32b3","Alison","Miller","443945"
"39","ballmary@gmail.com","pbkdf2:sha256:50000$X9Xc0fwV$96cd1371da03781b31f64dad43cf280afc1e5abb0888a36926de065794aa8ea3","Jimmy","Nixon","728"
"40","tatejames@yahoo.com","pbkdf2:sha256:50000$67SIkM8b$89a0bdfbfc9bc780f159f75ff0d1ff58de373464a553cd23e1574afa44403a98","John","Johnson","159359"
"41","petersonvalerie@yahoo.com","pbkdf2:sha256:50000$QijVlWCU$870aa3d69b95a80d6bc5a9a14580e86a8cc8c6eb9809bd6c23220d38ae93097e","Caitlyn","Harrell","410355"
"42","mariabryant@gmail.com","pbkdf2:sha256:50000$XPtqUaWz$fbe72da0dc44016110c0a8e36703d823e56a85195a8d6b4eb94a30c28b0ad14a","Thomas","Richardson","8331"
"43","hsmith@hotmail.com","pbkdf2:sha256:50000$po1isbZk$d9404a2dc2e49d57caff0616062f661673343d1e62cb1523f9691236a0ba940e","Samantha","Barber","32602"
"44","kevin88@gmail.com","pbkdf2:sha256:50000$nVYN2Giz$4853fe7e193e60e45e632637484fb66abaf49d1bbeff027f4b83d0955bd1ce56","Thomas","Lee","91514"
"45","grant82@yahoo.com","pbkdf2:sha256:50000$GdQLxYrO$2e375380796fbf983df5db2cf42ba4e5537e464093df27d5ee8e1d82d61b7207","Meredith","Goodman","78933"
"46","imills@hotmail.com","pbkdf2:sha256:50000$Ucp9GTjZ$5310f9d4f8596c9f6954667dbb6a840d55a658ce36a9862400a465cac955c3dc","Angela","Ward","390487"
"47","howardryan@gmail.com","pbkdf2:sha256:50000$Jfoxl2Fy$3be455ee5447ccf3a211ae0c20189a44da32ba6ef01c5c96c9a8d18ded27edd8","Melissa","Ibarra","317254"
"48","jhardy@gmail.com","pbkdf2:sha256:50000$4P4HrEoj$650227a445fe94357f3c61941855dd08fa96bb94cd712ff8cd4839caaf4f97f5","Phillip","Knapp","427646"
"49","marysoto@yahoo.com","pbkdf2:sha256:50000$PQ9iF45O$61eb2b2cf7e243049211522f265f8e429cfc52070a22b49ebba951c5f488fcfc","Miguel","Carney","277372"
"50","richard89@hotmail.com","pbkdf2:sha256:50000$AKPg39R8$469572a5d6652ab972909107d6c5ed214943336c10005f0693b54008597f0fdf","Roger","Cook","82453"
"51","loganrichards@yahoo.com","pbkdf2:sha256:50000$WN6ArTgx$d97e982dd4f17c61006d718d70644caed34400ca386a0ddc6db4ff1bb280d26c","Peter","Thornton","331644"
"52","kenneth46@yahoo.com","pbkdf2:sha256:50000$anN6q3oZ$38113c93f33fc18d00fc7a6230a7925966fb54554365eef475ebedfde0dd702f","Cory","Brewer","485328"
"53","robertwalker@yahoo.com","pbkdf2:sha256:50000$Nukuh1EQ$d4c9b875ee0084a292804995cb539044e199ff22723b828215fe0126428cb0cc","Evan","Myers","381108"
"54","hrodgers@hotmail.com","pbkdf2:sha256:50000$nXtBOzXP$e2514a08b172bf4bfe4dba266a300066afe773ffd2b7cd78f077b9db895174e0","Megan","Mitchell","70961"
"55","catherinehopkins@yahoo.com","pbkdf2:sha256:50000$iXZG3sue$bd88a4f5cc006b5a6d0deb48cad6a93c2556a3075b1dbaa39c0f89e6bde9a478","Patricia","Harris","12808"
"56","carlsonholly@hotmail.com","pbkdf2:sha256:50000$fJHMP9I0$3d6a6403310e3120813bd86e7a81617bca032eab49b823c5c44fcd6bd3650fb8","David","Dean","440405"
"57","shawnastevens@hotmail.com","pbkdf2:sha256:50000$6lH5PFHJ$1c74a7ad1129f147322eb06e36c7c2dff6c067c572e2b72f1a6af4d793bd56ac","Joseph","Duffy","84259"
"58","wolfethomas@gmail.com","pbkdf2:sha256:50000$41Bz0h51$701c45b145c2ecfb4db3ed8d6820f89b1ce650bfd4435ca5de71d8df3b1570bc","Mark","Powell","405224"
"59","anna46@hotmail.com","pbkdf2:sha256:50000$IZE2pB0M$145b9d85c05ab2549123f17d3125d3ab6d3f333bd3f7aa34f00b0846ab0942fe","Wanda","Stephenson","192872"
"60","aguilarjason@hotmail.com","pbkdf2:sha256:50000$yXCgb4vn$a4ec7555075afdd4b7e45087c69310af3df1312c7307d23ddd4e7a93049418c2","Lori","Roberts","408653"
"61","nancy00@hotmail.com","pbkdf2:sha256:50000$oyyICoAm$1a56dcb3e0875fd36b3dcf8189294811ff11bbb36b820fa413d797829e74a8f6","Christy","Watkins","458850"
"62","carolyn58@hotmail.com","pbkdf2:sha256:50000$4ODTJHGB$026162da5dca205578b868163f7e69492bd9758f1689ca6803b8a57283ef0ef9","Cole","Martinez","178639"
"63","pkrause@yahoo.com","pbkdf2:sha256:50000$Ov1SsEWF$b6f775a15aa1348df4991e8db38e0667e513f63f61553934587ece74dece2563","Linda","Morris","426464"
"64","bperez@gmail.com","pbkdf2:sha256:50000$UJGLUPOV$c81af4848487b7a58bc064355da7e57164950ba578d413efbc8ce20f3f2e67dd","Kevin","Robinson","107406"
"65","justin42@yahoo.com","pbkdf2:sha256:50000$gskPsx46$a1c5e44b45dd320c98b1a7f32ee8fe0bfe275a8064c1e3d361cb38bb3b0c748c","Jeremiah","Tran","256419"
"66","clifford03@hotmail.com","pbkdf2:sha256:50000$V14EkegZ$a91b68e5cbf2a850e1d5235ba796af75bd741a4e51ac7b43253ff81307b625dd","Michele","Thomas","447622"
"67","xlevy@gmail.com","pbkdf2:sha256:50000$TpExaxCY$42ee30b8ce90c2692b977ae1a31c5f96e055d8cde9e3e0dc41cce3a724d46283","Jason","Frederick","322452"
"68","carolinecooley@gmail.com","pbkdf2:sha256:50000$f42LpMby$35381ded28f2b0bc64e80f3d584b5bf454085ab2b9c7b67265bf876856bfc489","Cindy","Vaughn","282393"
"69","thomasdavis@gmail.com","pbkdf2:sha256:50000$Cc0BozU4$bb04d7fe4aba1ada930403fb4d0821976ad4f815d478bb228a2ded97de9e69f4","Johnny","Gould","239504"
"70","sanchezmary@hotmail.com","pbkdf2:sha256:50000$8DH8PzLJ$af14657930508ca48544aa23fb47f619e17eae76171f0a390292c74ba0456803","Tony","Mason","91195"
"71","racheljackson@yahoo.com","pbkdf2:sha256:50000$lbREfEeJ$efde3394b09adbaf21f943524524638f842fd12ab564cbb6f4097e9fbc40f6b6","Tammy","Diaz","409743"
"72","kenneth56@gmail.com","pbkdf2:sha256:50000$QIJHDnhz$677b51d90e95a72d37f2b2504334cf4b3fe4fd2f786f6e0c6435223ce9edd386","Rachel","Mathis","352446"
"73","rrich@hotmail.com","pbkdf2:sha256:50000$RVXf6Fwk$078f4202e8191da28162f83a6cc3849f1e49bbff9711b17be898f517a19c0ca4","Nicole","Dickerson","396938"
"74","kgarner@hotmail.com","pbkdf2:sha256:50000$EW3IrBSS$c87a67facfaa8d9a7d4f7095d863b6fd7981e76b03bc31ba1d18682e24c4511f","Jacqueline","Davis","478974"
"75","kestrada@hotmail.com","pbkdf2:sha256:50000$8AmPdsKk$d6913009fad34727e446c0581b0bc8bc2c5b2cc3ee2f8c28a81c5e0b3263e31b","Tina","Herrera","360300"
"76","cooperrachel@yahoo.com","pbkdf2:sha256:50000$oFfAy02f$95d9e9e2fcdc4ca5a1945e2df528a9c7553a195792011136e3c4e6c721d138a4","Gilbert","Jackson","371363"
"77","nwalker@hotmail.com","pbkdf2:sha256:50000$LGLLatJc$f631946d4b43d0dee75a487cf48fa0a6320a2dd3fd289981f112375fb10c1343","Rachael","Ford","268842"
"78","tyler91@hotmail.com","pbkdf2:sha256:50000$5C8q1gTG$1b073fab4fd94a1e3afe3eebd7d0a16006f4d29ce57390f6744c506363ac500c","David","II","324435"
"79","bowenlori@hotmail.com","pbkdf2:sha256:50000$YujrnzZI$1b2d9cc320949b327a90b6388fa7b16db6f3b198c8af505b645a5fe3f7cdc5ff","Erica","King","56747"
"80","john64@gmail.com","pbkdf2:sha256:50000$xdClRaRw$b9125625028d0dc0bcdacac08d004b4007394317b1c9523e3172bbac8ee19271","John","Frank","211744"
"81","rsmith@yahoo.com","pbkdf2:sha256:50000$14IXvjEN$487f495762002ada498235f7fa79c566d1fe4b83b9c74fbd0a47b50c035bc571","Miguel","Soto","104190"
"82","zarellano@gmail.com","pbkdf2:sha256:50000$SUgVtFdt$ba20a4a73d4d929372b91a9aea944363ed517693819bfd6486e4b38adf6b302d","Diane","Brady","167347"
"83","ryangibson@gmail.com","pbkdf2:sha256:50000$XuVBPyqJ$bee8e421616d5afdab93a9b6e345d87cd9d635eb72b6f3f1690b470b6fa33d8f","Russell","Carroll","300699"
"84","marissa94@hotmail.com","pbkdf2:sha256:50000$28RTxEai$af129cf7f11bb68f8554f388dd9d31e185a49d7e760eb71a7c4019979c31cd75","James","Foley","191119"
"85","smithchristopher@hotmail.com","pbkdf2:sha256:50000$3JhQtxSO$55649ebe3870fd53c2592cc7bfb2b619f5fd5569a6acdf0aa073e057b14e1e3b","Brenda","Walker","372441"
"86","taylordaniel@hotmail.com","pbkdf2:sha256:50000$7ohfG2NT$bf4e99c0c9931a4a1bb84be2f2f74217797ee7c899fb58156feec7af4fc92708","Kimberly","Marks","4605"
"87","msellers@gmail.com","pbkdf2:sha256:50000$fikedgUQ$d39228b6a74c73407bd687634249557c2566ce5630454a6b524bf95599424426","Joel","Adams","186251"
"88","ryanjennifer@hotmail.com","pbkdf2:sha256:50000$fM6WlynC$80c1705a9b3e8a087defebfcfa81b52156f74bfd4236d48f6350757147ab6a03","Linda","Ewing","210605"
"89","kennedyshane@yahoo.com","pbkdf2:sha256:50000$a0npE0hG$3e6a3b02fda40550f1e28742dfbe62cb2b0430e264c7cbb34c8ab6ed976dc9b7","Tiffany","Martin","268577"
"90","michaelmurphy@hotmail.com","pbkdf2:sha256:50000$oDIkM2Hi$b67d53cdbaf0f41a29b1e7b52396f9d8c8c49ff935f4d5d450f993fd2ae00a6a","Carla","Moyer","330359"
"91","olivia43@yahoo.com","pbkdf2:sha256:50000$DFXphrh4$bf93a112f21d4b9a5891c358b04904d7aa1461d015c57c9b9741bbae4e158d30","Andrew","Mccoy","184444"
"92","karen64@hotmail.com","pbkdf2:sha256:50000$S47OcCF6$83588a5e8c8898dd4ee3f2dd1d08c7b90abd9a04b64f5ebc2ef9e5085d158404","Daniel","Simmons","203598"
"93","matthew61@gmail.com","pbkdf2:sha256:50000$HsRgb9ux$e89a0f2ecb62566be88453018474ddb59049b28f101bd281806dcb1f5e46d4f9","Lisa","Mckinney","383717"
"94","ewilson@yahoo.com","pbkdf2:sha256:50000$OqkWN1c0$00fe94d210bad51b8bc1ec7ed174c0e0f4b566434e8b5584bd68ec6cc4eacb3b","Kyle","Robinson","451212"
"95","maria06@hotmail.com","pbkdf2:sha256:50000$VqI3ccyy$bdbfe87bcba560a9cdcee6ed1cb70721438f635a37065e643955d6a32a49a76e","Robert","DVM","359430"
"96","jamie26@hotmail.com","pbkdf2:sha256:50000$nOnrlNix$8ea5b935a35069d394cb4a1fcb4b86eff019698ac9b812496854648e48f4a8c5","Lisa","Aguilar","60384"
"97","maria93@yahoo.com","pbkdf2:sha256:50000$8lbnG9VR$d59f3a902209ef40619e6fe8818109c25eec2d802122026e7c7f9e7a4d0967f3","Samantha","Potts","488002"
"98","william71@hotmail.com","pbkdf2:sha256:50000$VE9Ydts0$af24d9773edeeeba230270e19dbc4bb846ae903f5433c75ccb0543b860aa1928","Ryan","II","351631"
"99","craig23@yahoo.com","pbkdf2:sha256:50000$XpAmN7hZ$ae00a0b08ec6fce94b11bb75b33d410cfdc68a64ee6c8a77027b32227cb802fd","Christine","Lopez","448000"
