"0","tamaramorrison@hotmail.com","pbkdf2:sha256:50000$agvSByxO$74c39fe5298ce5c3797ebd0042fab04f266bb4b00807b6750a0e626dc9980f9c","Gary","Cross"
"1","martha10@hotmail.com","pbkdf2:sha256:50000$cO8ia09q$18772d6384f4b69af5d2ef5fc0e2e91a49c090928ff62037bdcb2eb004f9364a","Denise","Thornton"
"2","deborah64@gmail.com","pbkdf2:sha256:50000$svGgGZGJ$2408e0ed23660ed420d5cfe9f9cc7506e36e3102815bd367d350021118837217","Jeanne","Green"
"3","franklinjames@yahoo.com","pbkdf2:sha256:50000$6tnKmKSf$6de1115e8677fc6d2501474ce221667e0f9f1c4146dea5351448483f9d98ec4c","John","Hoffman"
"4","samanthasims@yahoo.com","pbkdf2:sha256:50000$hE8wBZu5$a056713146c532243d15ff83ded8004774a1b31f8cdba0b2e11ef73b6c2d298b","Timothy","Parker"
"5","taguilar@hotmail.com","pbkdf2:sha256:50000$0rCguoz2$9528504a00c08583def180435f224b7f703585cc94484bdda8f36b7207946fe8","Linda","Freeman"
"6","georgedavid@yahoo.com","pbkdf2:sha256:50000$pPtZcJm0$c008b6cc8c1d89ce449bf3ba0944c1179e413f767b84436e73f65a47f603b909","Sandra","Brown"
"7","chad50@yahoo.com","pbkdf2:sha256:50000$v4c75Hmq$1dec671122d1532e475f15a9fe1e20219036251532056bc630faac7b4c74cee0","Paula","Wilkerson"
"8","jyang@hotmail.com","pbkdf2:sha256:50000$YuAlEn68$5ba72c05b8213304eab35c961cf96ad06e8447dae10e7817cad046d12b673a4d","Willie","Garcia"
"9","bramirez@gmail.com","pbkdf2:sha256:50000$XBhfjFhs$a76c8b605d09aafd4caba161d39361ff129251655d5c26a7eea1d8bd1c2b6266","Michael","Montgomery"
"10","kellypeter@gmail.com","pbkdf2:sha256:50000$Sf5Y0Cfl$cfc6ad4d41dbf679606ef5a618540d225d4f9b27ea4ae0d8d77e5fb7dc49998a","Melissa","James"
"11","tarasanders@gmail.com","pbkdf2:sha256:50000$SZywTvP8$6ea18b3c03977cf29c32b7cd45d25b632f2c95edf27b35f66103bf0251ec80af","Lisa","Bush"
"12","virginia18@yahoo.com","pbkdf2:sha256:50000$whN9GPll$6ac96ccc9243c804deb90856736474254ab0069c961b0e88fdd16d006487a27e","Bruce","Miller"
"13","jensenanthony@hotmail.com","pbkdf2:sha256:50000$0UomZR8m$773ca7a5e529c70407484471b59e104d281c51fd7f3b38bb2e39371d07c47210","Mark","Burnett"
"14","kmalone@gmail.com","pbkdf2:sha256:50000$iXWsKBu0$4fdc1b72d998ee91b9b4452b78210d721b7e6017b56793f3c650a1d0cbe170ab","Courtney","Valdez"
"15","kingerin@hotmail.com","pbkdf2:sha256:50000$M3hQz11z$f0ba8b6333c09f6fe37c28d13a46580d35652bd0db95353832c41e80a3934545","Henry","Moss"
"16","meganbrady@gmail.com","pbkdf2:sha256:50000$ZxNKVmO5$83bf43551822afd5b826386c3b425b71d5c98390767a4bc4a4aade0d04f0e426","Amy","Fowler"
"17","kgomez@gmail.com","pbkdf2:sha256:50000$AfsJUzKp$a8a9eae3822001a111388d1faca28ad32c9329c02f47e60a0d84e451dbc8784d","Tammy","Reilly"
"18","thomaspeters@hotmail.com","pbkdf2:sha256:50000$H3cUlmK0$e026558e8f0e3a5f4ebb77d79d94868feaeb93d54d68ba28223c00cdb0598d84","Robin","Harris"
"19","susan06@yahoo.com","pbkdf2:sha256:50000$y0j2z3TN$9bf24020bf4c8fe14f49405f5576dacd4249f72d902c0c652cda2a3a5a2b913d","Jared","Vaughn"
"20","william86@gmail.com","pbkdf2:sha256:50000$qVtf3cUE$0f6966710e52dc1e2db281475ba74d6c4c58be5f22ae6c921aec48a071b5ee64","Lauren","Mcdaniel"
"21","michaelanderson@hotmail.com","pbkdf2:sha256:50000$nqGphY7u$a03e3d9476665ee716277041386e91d3d3530130cfe65289265a93415e982447","Brian","Richardson"
"22","deleonwilliam@gmail.com","pbkdf2:sha256:50000$eEDgCuPK$eb7f12df6ce064432962df23d096345c3fcead11e8f9a21e6b78238fa1bb43d6","Maria","Harris"
"23","joshua07@yahoo.com","pbkdf2:sha256:50000$3sws9QpZ$f787f895489b27aac3222d7282dda35de790f37b6c42100c27cb55d11b6faf70","Heather","Davis"
"24","leonardsutton@gmail.com","pbkdf2:sha256:50000$GOMnpY60$930c2a7eeb90f372f24d9fe7adb05b4af511bd05d16b0fc146af2cf94110eb13","Patrick","Spears"
"25","hromero@hotmail.com","pbkdf2:sha256:50000$Kj5tlZJV$ee825ef68ca90d8ff4e7c4ef5f4fc96a3a98e5ae5eaaf3e6397d1a9e7442f72f","Debra","Aguilar"
"26","angela30@gmail.com","pbkdf2:sha256:50000$2i8D9vJW$8ad7593abd178b6721ce9da827e945ec6f1083e193445cbcd7351187d69ad74e","Cody","Crawford"
"27","ygraham@hotmail.com","pbkdf2:sha256:50000$CVC6XKN4$e6dfb5adb1db45eb0d8589dd034b2f413fc2b29e684cefaded98c6316b0d7188","Cynthia","Faulkner"
"28","millerlori@yahoo.com","pbkdf2:sha256:50000$CMakmW98$8f4a1ab780bf1b65350770f53cf4f5c4f6dbd18d12535590a20de7eaa4021de6","Kelly","Casey"
"29","pmartinez@yahoo.com","pbkdf2:sha256:50000$v0uNhNIp$d42b6a151523ca802b1e3eb700315e70199600cb59bf93a1b7c8a87adb475697","Thomas","Patel"
"30","stafforderic@gmail.com","pbkdf2:sha256:50000$WecO8jva$33c0e0fe044a05b27c954f89b4958ea359fe4bf1bbd335e4d4e85296b30faf4e","Johnny","Martinez"
"31","smithsabrina@gmail.com","pbkdf2:sha256:50000$fyoYhhph$4f7b6ddce4180413332401a67c4cd51a57155f82232c72c414d49e2d0378ee64","David","Turner"
"32","rmiranda@hotmail.com","pbkdf2:sha256:50000$IQ5Frl2Z$b085cea709ffc467f0bc9a60661f3f226c769fc451f9795ed1c025660175ef96","Evelyn","Hendricks"
"33","millersamuel@yahoo.com","pbkdf2:sha256:50000$QPu96SjV$3532f02cf681c4f4cfd82fc2c476c70d09fa9c90e07421b9e109270c4865479d","Paula","Walter"
"34","cherylstewart@yahoo.com","pbkdf2:sha256:50000$EtGJHYyG$f7636962be3df739ece5259cce86ea09f55bf160cf5cbf9fafc56f621f2c5aa1","Derrick","Webb"
"35","santanajimmy@gmail.com","pbkdf2:sha256:50000$I5iC3cEG$4b6a12fe23462bbd11f2c1b2501e7b9b2536842817a5f9db1b2849c647cf9844","Patrick","Graves"
"36","stephenbeck@yahoo.com","pbkdf2:sha256:50000$12ks10w6$a11e3916256641512e9c1000d39de1ede4a14b2401222daadd8d03a2e5ea7cae","Leah","Bell"
"37","palmercassandra@hotmail.com","pbkdf2:sha256:50000$YyoJIZYU$f3428859fa8d072ac6e69c692ce359a2bd663d8354dbb1fdd23a44021a52a442","Dalton","Fritz"
"38","alisongreer@yahoo.com","pbkdf2:sha256:50000$87Ybjnwf$695c0cf989c3cac2f295909e595e56016b4dd042fe57aac0dfba2aa49c756ddc","Madeline","Stevenson"
"39","jasondavis@hotmail.com","pbkdf2:sha256:50000$8Nv2nAoU$453ecf6c0402bdc7bc122f42a01540c03286e5a501302aba6110c4e70fbbd85e","Valerie","Charles"
"40","markchan@gmail.com","pbkdf2:sha256:50000$ypVVPMvr$04b51e2296006aded61cbe086cfe39bdbcb03018a45c0b26cc69d1bd117f5d23","James","Scott"
"41","castroallen@gmail.com","pbkdf2:sha256:50000$2AaHunfC$ff090839559c78f3ef479d1439cff6926a44204e49e123144ae16e359a45d606","Jennifer","Garcia"
"42","caleb01@yahoo.com","pbkdf2:sha256:50000$bWC691Xl$f7c20be8af8b95279288fd29a6ce4bee44f037ee1fea48a8c15d33356f15a205","Keith","Jones"
"43","guerrerothomas@hotmail.com","pbkdf2:sha256:50000$c1dPvlCk$3fedcf4f2d8e4edc0bf693d11f66dfd4e374c9aa4d9d1caf4ef80efcc91ed33e","Lori","Moore"
"44","allison58@hotmail.com","pbkdf2:sha256:50000$pKGFimRD$97fbed879efbab1fdfd2fb4eb0cf1a27073050a40e848e2459714682503b4394","Ariel","Freeman"
"45","jeremy24@yahoo.com","pbkdf2:sha256:50000$h930IUIH$b370d4cb26cd3691575fbfb2843d8aeacf48888bc7d6730da444b7fd4914c5e4","Randy","Bernard"
"46","johnny46@hotmail.com","pbkdf2:sha256:50000$KAkEPJ0V$6f69bddf8f98a3f6a44989ddc5a73a6ba445efd74bbd6cca4b940689d19f26ae","Timothy","Kerr"
"47","james07@yahoo.com","pbkdf2:sha256:50000$KV3Wq2Jf$38b9c4274d033ad5a0575b4f2c305f71c124df5d91919c240aaee53b451619b9","William","Crawford"
"48","marquezpaula@hotmail.com","pbkdf2:sha256:50000$EYe9UgVr$79a60178f2c653c0cb95ab15bedddf30fe1fccb77058da8be79221a164a8bebf","Jonathan","Davis"
"49","josephmason@hotmail.com","pbkdf2:sha256:50000$G85Sn2DN$cfa013320d2d98a120a508f996f6a07e60dc0dc0b7cad930d7ab5191fc45f3a9","Kathryn","Noble"
"50","richard56@yahoo.com","pbkdf2:sha256:50000$fhoyLrWR$3a521b18c4a77726edd4dd4aaa1c3938a8ab2fc49b90b8881b7d38579af05497","Daniel","Cortez"
"51","fosterbryan@yahoo.com","pbkdf2:sha256:50000$reCRYGYj$0a8571836af29849e4e6471615d41961f4501e5c8e0e712dba6b283b5655e5a5","Kenneth","Boyd"
"52","anthonyvincent@yahoo.com","pbkdf2:sha256:50000$tVVzTSGL$ec12ef41801c87c94ab5750498f7bb5c0d140f5b9ee7186f2498063344030e01","Renee","Moore"
"53","sawyersamuel@yahoo.com","pbkdf2:sha256:50000$LPX5BHms$e7ac514895d91e1c82044f6b77d6afd61cb6486b56aac98b39e1605fec31c971","Alyssa","Farley"
"54","gstone@yahoo.com","pbkdf2:sha256:50000$1LZ0gbPy$0dbf6eae342946ae3a8ec959b3841bfa24ce4b871ec1907061f1497e32d5756e","Alexis","Williams"
"55","kevinflores@gmail.com","pbkdf2:sha256:50000$tzGoFEw6$973b1077a2ee203a015288e9af6d592452cb0896d8741cddd519f5442503d556","Jasmine","Castro"
"56","gordon43@hotmail.com","pbkdf2:sha256:50000$6Z3X6qGv$6985f876a4657912123ae7f188cd2d1ff5454b531d5b2eb01371bbe296ee5dc9","Joseph","Williams"
"57","kennethwashington@gmail.com","pbkdf2:sha256:50000$aWiqgZ7H$8532fef70239f57754297fe16fa6cd24cdbc9999bdc9ae31015e75ff0433a78e","Jennifer","Marsh"
"58","hamiltonchristopher@gmail.com","pbkdf2:sha256:50000$6KyYYKNn$72463c9f66463f8d1a208650fc58042a4cd1ae4f6adbdf63da68424b0b9e5287","Anne","Michael"
"59","nsmith@hotmail.com","pbkdf2:sha256:50000$X81Nymyn$a06907941c352bdb1e180dc2fa04576fcb686ee29f961a94967c21ebc4b0c273","Joshua","Duke"
"60","jennaarnold@yahoo.com","pbkdf2:sha256:50000$62JSJnNZ$29237dadc4853a366792374f0599ae60f897e152d9bf5cb5340e9b4770681e7c","Susan","Turner"
"61","scottzimmerman@hotmail.com","pbkdf2:sha256:50000$3MLkDoiv$60cd090bb542e59dfb77ec99cb22f17d2c8f1b7b06e5579c1f7a42caa781c64d","Julie","Dominguez"
"62","bonnie89@gmail.com","pbkdf2:sha256:50000$IqiPeW9Z$dde16904c33bdb8a08944afb3b8150f0c27b1ee910f0a5129b3a97c396fea503","Dwayne","Osborne"
"63","cindy30@gmail.com","pbkdf2:sha256:50000$fMMCkkwL$fce25d5320932cfc67983bc248e4db2c054df49c2bb7493db1ea7cda69369f93","Antonio","Thompson"
"64","qhenderson@gmail.com","pbkdf2:sha256:50000$vOO3lRcZ$87f57a91b3ff7005f7962fa685ccb9f77a3d731f928a23a044f89cfe06478b4f","Yolanda","King"
"65","nancyturner@hotmail.com","pbkdf2:sha256:50000$aVv6dAO7$d89b9da90ab717496431c98654da37600679de51b497eca0f8a22391f1759507","Richard","Woodward"
"66","bradley51@hotmail.com","pbkdf2:sha256:50000$7L1XmhMi$02b155d759c5b4bd90a2a6e59f97d72efdc8ab826a0a8cf3e5063fab7e843bad","Jeremy","Costa"
"67","matthewpetersen@hotmail.com","pbkdf2:sha256:50000$GXSWSgaO$07ca8024ac0858627578ab3f9b0b800401f6a11c308471f417368b614449f844","Robert","Dunn"
"68","uhill@hotmail.com","pbkdf2:sha256:50000$Km8bq5GD$5872d806f5d81862a4e849ab9fe1b87589769370a0aeeb0a8151c066f2e06e09","Tonya","Andersen"
"69","lisa79@yahoo.com","pbkdf2:sha256:50000$JMap7Zuy$23df358f446324be8d9b3ab23a2684e03549315206cc3886bb4fc5ceab1a4391","Stephen","Bernard"
"70","richardsonjerry@yahoo.com","pbkdf2:sha256:50000$GNwOyQdv$1378193c82bf8fc0634b735a8468c4b90d24288b726578f153a43665bfefeb0e","Amanda","Gonzalez"
"71","jmcmahon@gmail.com","pbkdf2:sha256:50000$3e2RLxJt$c97a0d2c13809812cf700b31c564928f293e080ff63094fbe473d27baa185824","Jimmy","Walker"
"72","wrightkaylee@hotmail.com","pbkdf2:sha256:50000$uQH41FlL$1c36d3be2bfb822df07077cc1a48f457b30a8a9a71a4d5a5a855824090889002","Austin","Holland"
"73","danielbernard@gmail.com","pbkdf2:sha256:50000$98VlQsb4$3ede150f7bfeae44bd0c6a40b381c542c9ac5f2c5857d9616151771288b03ed0","Molly","Fuller"
"74","wbrown@gmail.com","pbkdf2:sha256:50000$FzRzXITR$edfea141db03f707a6090e09920f27504de6fd46015af4cc4bdcd038e11cbd9d","Doris","Kaiser"
"75","ofernandez@yahoo.com","pbkdf2:sha256:50000$GTH7MHgg$19e7d3666a553ba9ac6503004b8642cd6fa278faeeb99d365bb91539db3a456e","Tyler","Curtis"
"76","conradthomas@yahoo.com","pbkdf2:sha256:50000$PJIrx8wt$8e156a615dfc156a16805830cbb9ded5773ab4f4cbdc0b173250c2c7a1623538","Angela","Tucker"
"77","savannahsoto@hotmail.com","pbkdf2:sha256:50000$OLbZFCPg$1e25f8d99ae11f5b0d85cc2eafa49c08345fa0def73c071e18bbd2d1195d802a","Robert","Gould"
"78","debra49@yahoo.com","pbkdf2:sha256:50000$yGB3eSWg$c4ac850c98e786c9f4d833b5e888af4eee2fb3ad91daef6bffcd187813aeb6c1","Cody","Morris"
"79","edward63@gmail.com","pbkdf2:sha256:50000$waTzLnOM$49018bb419e74e7deb4ffc57c715418c9051b8bb9f3840f7382ab1f4782356f7","Valerie","Jacobs"
"80","deborah77@gmail.com","pbkdf2:sha256:50000$mLzOUeVG$347e369e94b274830ac314634f3150ca14b99cd84c0c9dd37623d5f98ad527ac","Deanna","Holt"
"81","opoole@hotmail.com","pbkdf2:sha256:50000$HjTUxAIa$97fc12ba19673dde992deca1a25febfbc3182ec08562482bc352e934695af937","Larry","Palmer"
"82","dwells@hotmail.com","pbkdf2:sha256:50000$M4I8Lwha$2550e4f8841fceb5f3dd7bdec1e54962843c1b6b9571cdec97dd3f50feb6eb2f","Kristina","Higgins"
"83","qstephenson@hotmail.com","pbkdf2:sha256:50000$kgoryivR$8e07ec4195733c153a1a74b941822713cd99f9826ee755b0d02239c3ec23e595","Shawn","Matthews"
"84","jeffreysmith@gmail.com","pbkdf2:sha256:50000$cqkFOPSD$404fb49b3eb203f5b61ad2ef0953a4779c15eac57e4786a31cb566ff942e6777","Samantha","Parrish"
"85","marydaniel@yahoo.com","pbkdf2:sha256:50000$Pn0QvDzu$6d5a2e54942ae7a96ef78446410d1d4ea11374aeff696d0e9c38b7c5b9742604","Tonya","Jacobs"
"86","jerrybrooks@hotmail.com","pbkdf2:sha256:50000$YhyD442j$50e4400b319b80a59a859abd32c1121fdcb61cb30f66f079733803c874b5f872","John","Beck"
"87","mcbridemary@gmail.com","pbkdf2:sha256:50000$d6UeA4qP$86821892c58d94059c80c47a2362f01508d0bfdf659d2fc6779ee2628431ccea","Laurie","Underwood"
"88","ycolon@yahoo.com","pbkdf2:sha256:50000$0GpfKXBS$da04a0a47b34315a10af695d02248f0b466fb1c035719c0a1c6359d14c2024f4","Linda","Orozco"
"89","michael74@yahoo.com","pbkdf2:sha256:50000$ATjj2M1B$85d74529f469eb4c2242ba70578a31c4d5623bbb2bcfa80ffd5ae48862644bf5","Kimberly","Park"
"90","dillonwest@yahoo.com","pbkdf2:sha256:50000$vjf4NmdF$a480ad0d47362725a595b4a859f37c49e7c77b0757728ecac86a1666ff31d9df","Cynthia","Lyons"
"91","sarabender@hotmail.com","pbkdf2:sha256:50000$nzUzwZC7$eea0b1398f4f550111bba37e3711a17de7283874c6a30572714a48b752cac276","Daniel","Hall"
"92","jeremy83@hotmail.com","pbkdf2:sha256:50000$LTPJorwe$4d7c97bfabd1f4b3362b58861874fe48e4b90447db7a08304f350967a815269e","Spencer","Duncan"
"93","jonathan73@yahoo.com","pbkdf2:sha256:50000$oB0INsDN$515c22d9b4150a3c87a648c2cc7e48abafb8d688e932e92365fdc35041ba052d","Cheryl","Acosta"
"94","alexandramitchell@gmail.com","pbkdf2:sha256:50000$4mBCpaLF$6e060618fd35c254a67004e2c44ca410d490ca4b32ff90971f59d3e6f6f5fe74","Matthew","DDS"
"95","mathew17@hotmail.com","pbkdf2:sha256:50000$LE9S4NhF$8d97dbba35752523d64221551d92ada2c3b336453c358c883c488ea36be4b2e3","Angela","Peterson"
"96","pgriffin@yahoo.com","pbkdf2:sha256:50000$rNjtt8MG$11daf3da7874ab4a829194ae1ff6ed17649ac20f53fcf2f4a1c402c6117eed20","Adrienne","Friedman"
"97","kennethwilliams@gmail.com","pbkdf2:sha256:50000$RfwQ767a$895d977e73d23bb62a5d7e0a04d008ccbc54206eb1900bda7e6409fafed07851","Donald","Thompson"
"98","shawnharris@gmail.com","pbkdf2:sha256:50000$asy6apNh$151aec0a5fa96ceae4c23f3a65788335179e444896a44c5685b8605cc33d9377","Bryan","Scott"
"99","danieltucker@hotmail.com","pbkdf2:sha256:50000$tb5aJ8hh$1e55baa8805d373316838bb95400796b04cd8ceb62996733fc6934433a21e16e","Jessica","Miller"
