"66","0","3","37309","Out for Delivery","2009-09-17 19:54:58"
"81","1","3","13513","Out for Delivery","2011-01-01 05:44:43"
"73","2","3","25946","Delivered","1971-08-14 14:07:57"
"14","3","3","10662","Out for Delivery","2020-12-25 18:42:49"
"20","4","3","46707","Processing","2003-10-18 19:39:32"
"2","5","3","47540","Delivered","1976-05-09 05:25:26"
"32","6","3","39949","Out for Delivery","2017-10-18 01:32:25"
"88","7","3","37196","Processing","1988-01-28 02:35:28"
"77","8","3","37355","Confirmed","1976-10-24 09:14:19"
"15","9","3","46511","Out for Delivery","2007-03-01 00:19:19"
"37","10","3","16073","Processing","1997-03-02 07:27:58"
"94","11","3","8103","Confirmed","2011-12-10 15:55:01"
"97","12","3","26732","Processing","1971-11-26 13:32:21"
"25","13","3","9181","Confirmed","1977-12-22 03:53:04"
"69","14","3","43823","Out for Delivery","1971-06-24 22:08:58"
"42","15","3","14760","Delivered","2005-05-03 15:38:44"
"26","16","3","15882","Processing","1996-01-08 05:42:29"
"64","17","3","42750","Confirmed","2001-09-24 14:57:00"
"61","18","3","9888","Delivered","1986-05-19 07:34:17"
"53","19","3","27591","Processing","1998-03-24 14:24:46"
"82","20","3","26503","Confirmed","1979-10-20 19:13:56"
"0","21","3","40052","Confirmed","1973-05-16 23:47:42"
"46","22","3","33152","Out for Delivery","2017-08-16 02:03:03"
"9","23","3","17889","Confirmed","1982-05-24 20:39:16"
"10","24","3","46153","Delivered","1987-11-12 16:22:57"
"80","25","3","384","Confirmed","2014-07-23 10:02:57"
"74","26","3","2549","Out for Delivery","1990-06-26 09:32:02"
"41","27","3","36600","Confirmed","1983-12-26 11:33:05"
"93","28","3","30121","Delivered","1991-01-26 21:10:32"
"19","29","3","33578","Confirmed","2003-03-31 23:01:13"
"83","30","3","27666","Confirmed","2009-05-17 22:07:38"
"57","31","3","33362","Delivered","1981-12-06 16:10:31"
"3","32","3","39622","Delivered","2012-07-24 06:47:58"
"91","33","3","23706","Out for Delivery","2012-07-04 23:51:38"
"96","34","3","49863","Out for Delivery","2021-03-12 17:32:13"
"27","35","3","46762","Delivered","1999-09-12 06:12:45"
"50","36","3","25097","Processing","1971-06-06 03:41:33"
"48","37","3","36899","Delivered","2018-03-23 13:40:49"
"60","38","3","37663","Delivered","2005-08-05 13:38:11"
"13","39","3","25629","Confirmed","1992-07-20 13:28:16"
"17","40","3","5249","Confirmed","1975-05-08 06:30:11"
"36","41","3","46961","Confirmed","1999-12-30 19:18:33"
"75","42","3","35013","Confirmed","1987-11-14 07:56:31"
"52","43","3","24831","Processing","1984-12-30 05:47:22"
"23","44","3","10245","Processing","1984-03-17 14:03:16"
"28","45","3","48946","Delivered","2012-02-29 21:50:51"
"72","46","3","3724","Confirmed","1987-02-28 00:17:00"
"90","47","3","45904","Delivered","2020-04-26 14:28:46"
"11","48","3","30710","Confirmed","1992-04-15 00:48:53"
"87","49","3","26862","Delivered","1993-06-24 12:38:58"
"34","50","3","28464","Confirmed","2015-01-06 03:59:38"
"44","51","3","27594","Out for Delivery","1971-11-21 20:52:53"
"55","52","3","15633","Confirmed","1994-02-15 03:22:10"
"71","53","3","30275","Delivered","1970-10-08 00:27:05"
"31","54","3","17382","Confirmed","2016-06-28 23:27:53"
"35","55","3","4060","Confirmed","2008-04-16 19:46:06"
"18","56","3","17016","Out for Delivery","1975-08-29 21:19:51"
"33","57","3","24639","Out for Delivery","2017-10-23 03:08:31"
"43","58","3","6727","Out for Delivery","2013-02-26 19:50:41"
"98","59","3","45379","Confirmed","1996-12-31 11:00:44"
"45","60","3","43533","Processing","1980-03-31 04:58:35"
"8","61","3","40484","Out for Delivery","1993-12-21 17:41:32"
"29","62","3","35364","Confirmed","2011-06-13 12:55:44"
"22","63","3","39594","Delivered","2015-11-30 02:43:40"
"99","64","3","44388","Processing","2021-04-16 09:37:09"
"24","65","3","24104","Delivered","2009-03-23 03:53:03"
"59","66","3","24405","Out for Delivery","1980-02-28 05:01:11"
"21","67","3","45748","Confirmed","2003-10-12 03:25:56"
"76","68","3","26865","Confirmed","2008-09-13 18:11:09"
"40","69","3","27110","Out for Delivery","1998-04-12 17:42:50"
"78","70","3","37494","Confirmed","2018-09-07 01:58:24"
"85","71","3","39221","Confirmed","2006-09-13 08:58:49"
"7","72","3","23083","Processing","1985-01-28 18:58:10"
"38","73","3","2471","Delivered","1987-11-17 22:27:51"
"30","74","3","38774","Out for Delivery","2005-06-04 00:34:09"
"54","75","3","2540","Confirmed","2014-11-28 02:54:52"
"63","76","3","23633","Out for Delivery","1996-10-25 01:43:54"
"49","77","3","32901","Out for Delivery","1985-12-21 21:15:03"
"92","78","3","3626","Confirmed","1996-01-13 12:14:18"
"12","79","3","7427","Processing","2008-06-27 09:27:52"
"86","80","3","17958","Delivered","1997-07-28 01:06:46"
"56","81","3","31238","Processing","1985-12-06 05:23:32"
"47","82","3","689","Out for Delivery","2006-09-10 03:31:40"
"39","83","3","39647","Out for Delivery","2004-08-09 23:09:59"
"67","84","3","42775","Confirmed","1985-07-21 23:16:50"
"84","85","3","48162","Delivered","1994-11-06 21:41:47"
"1","86","3","20407","Confirmed","2008-03-21 11:12:14"
"68","87","3","17181","Processing","2011-01-04 18:23:24"
"95","88","3","47033","Delivered","1997-04-20 09:00:22"
"62","89","3","39967","Confirmed","1988-09-17 01:21:03"
"51","90","3","48033","Delivered","1985-05-18 20:15:38"
"65","91","3","29460","Delivered","2001-11-12 14:39:45"
"16","92","3","17115","Delivered","1989-08-10 02:23:29"
"79","93","3","9951","Out for Delivery","1995-10-07 15:35:51"
"5","94","3","46615","Confirmed","1996-08-31 18:13:48"
"4","95","3","36842","Confirmed","1993-10-18 20:43:55"
"58","96","3","25488","Delivered","2003-06-12 20:24:35"
"70","97","3","21122","Out for Delivery","1970-04-22 10:40:25"
"6","98","3","46367","Delivered","1995-11-13 15:12:30"
"89","99","3","37379","Delivered","2003-03-12 12:47:34"
