"0","347971","Terry","Garrison","USS Macias
FPO AA 66909","kimberlybarton@gmail.com","pbkdf2:sha256:260000$qS90Rjd0PMqcGVUo$1e040280be42d2f737748b3c2e1d0272e812bab9ac66cac0a4249f5730223682"
"1","489463","Jason","Parrish","175 Kevin Ridge Apt. 270
Oscarchester, RI 84882","flowersmichael@gmail.com","pbkdf2:sha256:260000$2PvZwxkYrNP4tBcn$efdac6489d57be64ebee85b7bc748b8be0875bee04a158263ee62155ceed3d22"
"2","389972","Adam","Barnett","36650 Michael Vista
East Kevinburgh, CT 55404","veronica80@yahoo.com","pbkdf2:sha256:260000$leA87yM02uPV5RSF$0b30f66d704ff6926600f5ad7c3e4d4e93ba62ddc93d65951e2440561ebb177d"
"3","163011","Ivan","Weiss","Unit 4619 Box 0569
DPO AA 02419","grimesheather@gmail.com","pbkdf2:sha256:260000$TPmZKkbr3jwLE9dY$579d16c81c3960d0fbac4a79c342516c65d2578e104b23e50e7548d2f9ff5c1a"
"4","19228","Dustin","Duncan","4047 Bowman Tunnel
Thomasberg, WV 15694","orogers@gmail.com","pbkdf2:sha256:260000$fXNbMUcBkPyeikOo$fb4c78f5a2662c9fa7d8bea1209aa2ddf5898c8bdbfee0415cadc8477e04290e"
"5","366866","Manuel","Jefferson","68444 Joseph Court Apt. 102
Rosefort, NH 52399","randylewis@gmail.com","pbkdf2:sha256:260000$ddtYdCUYdkSsXipb$7f15dec185bf49361074b1b9138e295642c153d4396f10c894dd1b784accc84a"
"6","140451","Tiffany","Nolan","05062 Arnold Knolls
Jamesstad, MN 61248","kblackburn@yahoo.com","pbkdf2:sha256:260000$b9hXG1laRoLhqxPB$71bcaf5cdb767b4f569dfeb1cb734bbad55bad235d7e399c38905809ca5a3f40"
"7","285499","Paula","Brown","30991 Davidson Forges
South Eric, VT 02076","ricky62@gmail.com","pbkdf2:sha256:260000$PStPTMPaBuaF68Ps$597f970ca962f06e70bd6595b6d563d5a2c0489d8e396a2765e46254f0acf6c6"
"8","55803","Tiffany","Bryant","0809 Stone Viaduct Apt. 939
Joshuaberg, VA 01865","watkinsheather@gmail.com","pbkdf2:sha256:260000$yUY4sKG50CKx8UFu$958d4ac8388bdd3ab1555c19534c91f20967cd61a6d4ddfc5f4614953f52d518"
"9","410544","Thomas","Garcia","Unit 3365 Box 5065
DPO AP 79675","alexandra34@yahoo.com","pbkdf2:sha256:260000$chYR5sPbIey1rxwH$6b313cc7385a9508fda08a2cea05974fbd4ba5973e6ac31a54e69165222f15f8"
"10","302318","Susan","Dominguez","21399 Smith Roads Suite 031
Nguyenberg, WV 13977","andrea36@hotmail.com","pbkdf2:sha256:260000$G4qBZ5IUvPU6bDbo$112a014f1d6144e694f43abb5a437a898377716676fa73ac9e446d4310487552"
"11","358628","Molly","Hicks","7273 Thompson Ridges Apt. 495
Lake Tammy, AL 94264","grayrebecca@yahoo.com","pbkdf2:sha256:260000$dVpViGe2BZoz45Ja$2581753a5e1baa6df1298185a987533a63cc549a44caf99df4f61c126b58fb2e"
"12","30467","Gene","Jones","USS Vega
FPO AA 86074","sarahpeterson@yahoo.com","pbkdf2:sha256:260000$63QDDq9ZSJrO0VMu$d5e90b8a17e7dbca17bc48afb9dbc7e731537399a93575fd9e4988b373e00b46"
"13","226663","Maria","Reed","891 Gardner Parkway
South Geraldside, CO 21268","zachary18@gmail.com","pbkdf2:sha256:260000$4Mpnos4zCwfz0uXX$3d8d05a2ee7c09ca0a49a70b79a11f9a9bfaa4170a2d14e18d49986269bb8cdd"
"14","48689","Vicki","Johnson","505 Cynthia Track
Georgeton, IL 82302","powens@yahoo.com","pbkdf2:sha256:260000$Wji9IYPG783YbNAa$713015bcbc945fe5cd4821350bd03fa78a421aed712b49b9b3d5cee22b5deb30"
"15","418039","Melissa","Gonzalez","65124 Heather Manor
Mckinneyfurt, NH 15454","tyler39@hotmail.com","pbkdf2:sha256:260000$lkTSffL4VW7siLVu$855a18c06538904e74b41163c5c85879e300056dce36a2a313f832cfcb590cc0"
"16","68834","Mr.","MD","7130 Derrick Mills
North Helen, OH 03577","tina41@yahoo.com","pbkdf2:sha256:260000$o54hpabbfrpq5pMz$758e6ed919a4a01ef086de66882b56cf0948773a145b59a429b83e342993f55d"
"17","27550","Luis","Peterson","3228 Bennett Isle Apt. 275
Josephhaven, AK 26158","whitephilip@yahoo.com","pbkdf2:sha256:260000$FRiZizQz8lakUZ35$e0209f50ce6c002acacd6cfe9a570ee23eab7c7c42e11577b58290de34274a29"
"18","84705","Melissa","Jones","77265 Mitchell Ridge
Andrewbury, PA 11417","ronald14@gmail.com","pbkdf2:sha256:260000$5zw1g0wpGSEDHReV$d719992fac92c7d4e3dd813b2bed248ad127b9af8395ac72200a5fbb9a1b315c"
"19","279527","Cheryl","Steele","60731 Braun Grove
Michaelmouth, RI 80614","dmartin@hotmail.com","pbkdf2:sha256:260000$SUFwJROGZOotva07$b9b528e4b7677f81e719d0e6505e41314424043fe65751029309d757c7546bfa"
"20","207877","Christina","Jones","977 Mclaughlin Ways Suite 319
Scottview, CA 04403","wmarshall@hotmail.com","pbkdf2:sha256:260000$KTR9SerQzX1vOCn7$148585194498906333f1e1c919cc0e6e96db17f2d4067dd98307be4636672025"
"21","344389","Bradley","Serrano","149 Jeffrey Landing Suite 118
Annaburgh, NC 74073","angelagonzalez@hotmail.com","pbkdf2:sha256:260000$o9LMhk1MisEjNjAw$33e4db317b127736c30d1d0db2d392825e51afe77d08fce01ab1e0d426bab922"
"22","305715","Jeremy","Green","75020 Joyce Manors Suite 680
South Amy, DE 78090","fhill@hotmail.com","pbkdf2:sha256:260000$9f3xZVuAhSoLveJh$9c34f05f2245ed34d63cf5b0913736ac4eaef76d32b16e57f981858a99105bcc"
"23","96325","Dalton","Lee","Unit 0276 Box 7308
DPO AE 12761","jflores@yahoo.com","pbkdf2:sha256:260000$nzqzekL0mAiUQ1kM$6720bd0513fa08f8e3c0c764596a97576f9d8665b38ecfb4fa3fdcf658b52ce9"
"24","227725","Timothy","Harvey","74955 Nicole Lodge Suite 411
North Jillhaven, VA 22956","vthompson@yahoo.com","pbkdf2:sha256:260000$GWSloutLfLY6cArq$3ea3e27ed0f1727771e4a821d16cda25a0f10453e14feac9a096302bdde02d27"
"25","125312","Alyssa","Gregory","348 Jackson Mount
Melissaberg, TN 22681","udavis@yahoo.com","pbkdf2:sha256:260000$gwpaHtuhMKUmitHB$6dbc5703ec71dad16aa61cebc8900ac303edd0df6fb45f3fc8938250b3d17fb6"
"26","396658","Paul","Haynes","581 Cardenas Plain Suite 870
Jackiemouth, NH 82948","amandawalker@gmail.com","pbkdf2:sha256:260000$4sifVy0jaq2bWn8E$917af5cafc9d0aeb7f99ceaf6be3315dedd866cb06e185608ac925d68a308ad6"
"27","380737","Kelly","Liu","53337 King Falls Suite 995
Nicoleside, IN 63967","webbthomas@hotmail.com","pbkdf2:sha256:260000$xlu1aT3sEqCeMlNe$5638b220205587e3c4cd89006cdc1c2cf973dcc9d421f4e67c9d981616e9f393"
"28","297184","Ruben","Thomas","4299 Shannon Ranch
Melissachester, AL 01797","michaelflores@gmail.com","pbkdf2:sha256:260000$DH1FWP7BOFdKsior$1da516f1eae4f895d21585be5b4531f64f922ddc976b93486b8e6fb8be52cf07"
"29","251502","Sharon","Hall","4668 Jones Vista
Lopezland, NH 42706","taylor46@yahoo.com","pbkdf2:sha256:260000$TbONMCqXGsgdsL87$b7cc888ce787a36ec069e77f1cf2c61759ecf41677aac0aa17e3c1253f38f3ef"
"30","46277","Amy","Hebert","381 Sarah Forge
New Jessica, WI 43895","johnmorgan@yahoo.com","pbkdf2:sha256:260000$zGUrYWhyhjSJFz6t$07e4bad5a2f54378cdc2695869557cf663a44548535a48a6bce17713c14744fe"
"31","61670","Virginia","James","982 Mitchell Keys Suite 069
Ryantown, WI 05745","transherri@yahoo.com","pbkdf2:sha256:260000$HxTf6RFpwlizAngF$0237137f9b52d3a1fa543315f41ab9ca1b1dff11c449ac0d1d49f2251fdf9976"
"32","324514","Jonathan","Lopez","7900 Rachel Fall
Stevenburgh, GA 59459","williamstamara@hotmail.com","pbkdf2:sha256:260000$PAyeqg7HbdKm8HFI$fe664463d99d38631d17b3089813a92cd62304bf16e3793ee50934aaedba2cae"
"33","230774","Lucas","Serrano","523 Wesley Creek Suite 829
Lake Darrellbury, MO 84763","chasebrian@gmail.com","pbkdf2:sha256:260000$bmE4f4KkkgouINYc$ae38b1160582e8f911f5f2950c9ebe83f4f03648d19ccae160cfc1b4c43ab09f"
"34","29077","Kevin","Robbins","09735 Todd Knolls
East Angelica, LA 51264","turnermary@gmail.com","pbkdf2:sha256:260000$e6MHVbU04JqiHskR$ce3be1b3ac73e3617b1f2e02fba67511777ee0f00cc787b49a369208bfce0b78"
"35","459086","Joshua","Boyd","1590 Dillon Cliffs Suite 829
North Katelyntown, IL 59621","garysmith@yahoo.com","pbkdf2:sha256:260000$WzU8VVBjtB7E5okE$aeb0dfa4971d9e02801c5cc33bd7ec2f284c41191379c1caa2ecb3462ae51092"
"36","96478","David","Powell","436 King Row Suite 645
Mullinsport, ME 79186","johnathanandrews@yahoo.com","pbkdf2:sha256:260000$LQt9f6zPXa8deSDv$1ff3deba6f7503e0344945359985254adb058740ef589818dc60d4a97ef7d9f0"
"37","139396","Ryan","Glass","Unit 6538 Box 7815
DPO AA 56651","jamescooke@gmail.com","pbkdf2:sha256:260000$uz4Qy9nGDqcxPa5Q$ece6bbecab02e77f489d94df68471b6c4fcfdf13192d3340a4e5d3c57ab3ca0e"
"38","54268","Kimberly","Jackson","1544 Gomez Viaduct
Jeremymouth, PA 82347","zscott@yahoo.com","pbkdf2:sha256:260000$5ibQ2hgGxFEGivvF$3174ae50881dc2e3d9ce5ceb081102348595fe3ffceb82479b68b7928ad2aac7"
"39","260952","Belinda","Baker","5221 Huber River
New Angeltown, MA 86465","michaelsmith@gmail.com","pbkdf2:sha256:260000$Ipc6sHk1pcQKJIKa$64964e27e9ff2148d21ba83842aa837ca5a80661fd1e540497c8f798664c4137"
"40","315712","Grace","Gray","09946 Wallace Spurs
East Barbarachester, ND 88519","jessica91@hotmail.com","pbkdf2:sha256:260000$EnOvToLK1H0hWwK0$c3455b2275f05cac106b4d858415c69539ca22d17029b63ecdf3af8422937e68"
"41","384581","Kimberly","Melendez","83890 Chris Highway Suite 426
Bowenburgh, KY 05709","joanna08@hotmail.com","pbkdf2:sha256:260000$Br3XofQj6ohXh1j7$67422bdeeb1114e7ddc799475ddf47b595f45db0b29a5884b051afed17e9a526"
"42","359436","Francis","Williams","4524 Lauren Creek Suite 516
South Kirk, CA 23772","teresa64@yahoo.com","pbkdf2:sha256:260000$T2SyyX6yKzCMdkjD$f1aa2897a72ab1c665142d069de5f26a20ad7303b7b92b27573e233caea250dc"
"43","242902","Alex","Valenzuela","2394 Candace Summit
Shortchester, LA 66083","lopezamanda@gmail.com","pbkdf2:sha256:260000$3qqFUl0MwzdEzyz4$38800760515bc9756e28a552b367504bb8bb99e8bb0b88fa74613773a4b186b1"
"44","87606","Mark","Ramirez","3687 Johnson Mission
South Christina, NE 46072","kara80@yahoo.com","pbkdf2:sha256:260000$j02GVWrTQDDjPKEm$9dec4b1bd02019dd5ff1d7348c5da810eeeae644b80540122a33842f6800f84c"
"45","148563","Mark","Daniels","64264 Juarez Mount
East Jacob, CT 07166","psmith@yahoo.com","pbkdf2:sha256:260000$JlqpSTiT3KnzxPNp$2269ecac21a3bbb8b39154b4112af59cc45c00cf45425b22be3cde283e16296a"
"46","270912","Julia","Cunningham","5232 Valdez Glens
Andrewmouth, VT 18505","hbrown@gmail.com","pbkdf2:sha256:260000$eHbA9GfVRdcXDe0r$040e2031a93962514ff294d11943896ef170b205f0229a093dfef64c9ffe0df1"
"47","355013","David","Webb","62295 Christian Keys Apt. 788
Taraland, TX 17109","robert38@yahoo.com","pbkdf2:sha256:260000$guABKlbTd84DOhVy$6335e296c4acd601a9c1ae340296f816f98c6784571be5df1ad3c06085aba1c0"
"48","100939","Kelly","Willis","623 Peter Walk
Lake Malloryton, ME 79449","phillip55@gmail.com","pbkdf2:sha256:260000$zN1XdO6FmXY9oybf$3bd760005b6ffb9c970ef8a7d5e925504064fa7c392d1507c59aeb9bc9f654ff"
"49","8689","Catherine","Stevens","8633 Jones Walks
North Audrey, NC 01034","jenniferle@hotmail.com","pbkdf2:sha256:260000$BCo1QIESrUwJRKAn$493a52458c741fd15075473aeb487e5b8649fb72462f5a5d1e786e6282501550"
"50","75796","Christopher","Wilkins","4119 Victoria Branch Suite 619
West Elizabethville, MN 58544","aclark@gmail.com","pbkdf2:sha256:260000$DQrWunA5nu8xAQIg$25bcba0bf2e505e66ad4dca5e439d926d01509db0f72daa9244959e73feb123a"
"51","16583","Taylor","Arroyo","866 Joel Falls
Richardfurt, KY 08945","weavererin@yahoo.com","pbkdf2:sha256:260000$pvreh4HwAYJGRiQw$9390c47dd2b57a0ef8430da7dbe16749c3e4bd972428cefb1c803d3ebbe83240"
"52","235296","Jamie","Meadows","3576 Scott Terrace Apt. 971
New Oscartown, OR 85807","brandonorr@gmail.com","pbkdf2:sha256:260000$q32m5jubLS9r3BQW$edc26eae1d9cffb1c9e6b6c4d1669dec0c770862d4b9fb4727de41d031feef7f"
"53","381175","Matthew","Griffin","59958 Donovan Square Suite 783
North Sarahtown, DC 65958","michaelwiley@gmail.com","pbkdf2:sha256:260000$LOVNiqEGqCjkvyMY$01af7fc6ace95974b7fa31fa355ef1a847825d985450366a4ea0b2313ccbcbc8"
"54","351943","Brian","Ho","683 Martinez Springs
Clarkside, OK 84865","brownandrea@yahoo.com","pbkdf2:sha256:260000$PfDglR2LoipGW4aL$38d86599b964e2368620e337087a6540ad769b4cda31b1e93a6fb9dcc52a737f"
"55","151187","Craig","Myers","3849 Dodson Estate
West Scottbury, DC 11864","nperez@hotmail.com","pbkdf2:sha256:260000$Di1K11ROFZO0glxQ$96af759a448df17ae15d675263e661afc71505e13958e1bae06f8fde45470664"
"56","246305","Justin","Johnson","USCGC Velasquez
FPO AA 70951","marvin77@yahoo.com","pbkdf2:sha256:260000$gvXBydQv7DU6usGv$2963085a6b1cb12b8c20972729c52e55299a4aa3a15fadac206d25b495cc44e7"
"57","52780","Daisy","Wilson","74192 Shane Center
Port Sarahfurt, HI 27906","ereid@yahoo.com","pbkdf2:sha256:260000$Zk7pF8ysZZlHNhdd$1dbd3ae28cec9368467e06f2e58d99ca48538740b099c3aaddf0ef9856530614"
"58","196326","Mr.","DDS","943 Douglas Manor
South Anitaville, VA 50968","jasmine18@hotmail.com","pbkdf2:sha256:260000$rMvShzNTBf3HtnYL$cc24d4422814642db17a47ffcb98390c07f3e9c38a565d6ecfc94863fa579872"
"59","110032","Katherine","Cantrell","376 Christopher Knoll Apt. 810
West Rachelport, AL 58211","garciavanessa@hotmail.com","pbkdf2:sha256:260000$DoifpbHdrItcpCBv$73e396df872bbe52b25e4314e3d91b039400f9cf5b99d5c6937da0a9dcfb080a"
"60","196223","Megan","Little","124 Oliver Via
Amyview, NV 76075","leslie18@hotmail.com","pbkdf2:sha256:260000$mJbUaGV8B9Vor0W7$ffc57463407c36da60f37ca0e3300eeae6eabdf05bc1dd2065f3e18e70466088"
"61","260234","Kelly","Galloway","6419 Diamond Cliffs Suite 465
Davischester, UT 03971","doylejay@gmail.com","pbkdf2:sha256:260000$yafscakrneKmHD8P$5a811d5b53b01b03406a7d29a62afa7c1450c035b8f83165788080f05e4736dc"
"62","439508","Chloe","Hensley","38489 Mendez Mountain Suite 596
Fryefort, IL 34064","jessicacherry@hotmail.com","pbkdf2:sha256:260000$W8MwIWx2ZfDh2tn1$da68802453642b70184b3f9376418efbb1027c246608da5e76fad181bbdf417b"
"63","359668","Teresa","Maynard","722 Martinez Road
West Danielle, UT 96101","brianjuarez@hotmail.com","pbkdf2:sha256:260000$7AQYmXkn3q9gRCne$a48f3c6a7bb7836cf6b27b9288428546f3f2d7272b2ed5176486c33d35df43cd"
"64","288831","Aaron","Roth","262 Hoffman Lodge Suite 890
Sheppardshire, FL 05988","wcastro@gmail.com","pbkdf2:sha256:260000$PrCpBKIdOkyIHwfS$9b15f40323192bad78b8d898add0df6347d031fd2a5389f2d7923dc67da7c05d"
"65","135948","Micheal","Taylor","446 Lang Plain
Courtneyside, OH 20638","johnpowell@gmail.com","pbkdf2:sha256:260000$Rcr86NqfUkdhsppm$a4ebb10bd49f9550f8bd3a87bc35e54549489f19a2993d81d7f2855c35049ddd"
"66","136958","Joseph","Smith","89655 Michael Branch
New John, WI 04254","christina18@gmail.com","pbkdf2:sha256:260000$tKfaLyVNbjTYG0Ja$920674fd6a5a931c580fb08536cfb246a21025af25a8075a40b02722d1a63974"
"67","368248","Kathryn","Brown","2065 Jimenez Ridges
Lake Ericaburgh, AK 03234","jonathan77@gmail.com","pbkdf2:sha256:260000$LwNeZxjisndZfngr$ed4d58b820e5217ef833f81be7e5de00c40e088cbba7d7d6a27fe1ffb7a45040"
"68","400161","Glenn","Coleman","478 Murray Parkways Apt. 786
Stephaniemouth, ME 53545","ukramer@yahoo.com","pbkdf2:sha256:260000$rpfekMIgrxRxLFy3$de0277e9d5460acf0f204d2789769a3a78dd8533224b74217519ef282dee7fe7"
"69","202399","Olivia","Baker","2164 Vaughn Overpass Apt. 532
Murphyport, TX 90449","robertsemily@hotmail.com","pbkdf2:sha256:260000$59gPc5v7YmNUamKu$290fdfd532ee7de982242531b135b370e3418b8c4b89a91677d8682ff07867ea"
"70","177879","Lee","Graham","1059 Andrew Club Suite 612
North Davidville, IA 96191","linda31@hotmail.com","pbkdf2:sha256:260000$4kGX2KZOzHeGiSPP$dac56aba52be2fdf9575e327869c8864b256761bb4d45f1a9536176295155a0e"
"71","247343","Richard","Lewis","61847 Alicia Brook Apt. 069
Tannerhaven, IN 48842","jameswilson@hotmail.com","pbkdf2:sha256:260000$fMomo2flhUKBnGpZ$d1279bd0b14d35e320a433f0d90af595eb16990e43852dd8cb24c68f0f15fe41"
"72","356263","Lindsay","Reed","0934 Singleton Shore
West Taylor, NY 89507","davidsullivan@yahoo.com","pbkdf2:sha256:260000$9Z7PgKPDFVg7ZpHy$aebadd4ff0598f44f3be115304c513e7f0e4fa63404e4a5050728c8a251c88be"
"73","267214","Kathryn","Hampton","7799 Alyssa Inlet
West Joelburgh, AL 78376","robinsonmichael@gmail.com","pbkdf2:sha256:260000$iZEtPHPT2oPRur2D$c630148e734e1f45de62f11ce9cd8363542f7486fec31a9fb54c5dab17f247e6"
"74","186917","Amanda","Hall","281 Charles Extensions
Port Albertmouth, RI 27823","friley@hotmail.com","pbkdf2:sha256:260000$ZhVSGVx9WJBbE88n$3c463a02e07879f53ba08f54e498d0d9acac80380a748ea6e9c89ccb1576902b"
"75","326724","Marcus","Robinson","96528 Julia Junctions Suite 003
East Jasmineview, MN 66967","earnold@yahoo.com","pbkdf2:sha256:260000$fH1wysEDDxsEF7gJ$976eddb876a9c734e211f46e033741e78e78fdbf536d41a7f395a73b72c89faf"
"76","498463","Michael","Carson","PSC 8576, Box 9921
APO AA 76896","daleglover@hotmail.com","pbkdf2:sha256:260000$AVKcjiaVwGFcj6AE$5c2780ac4e51df92f88d288b51d3a1eec467b0c8ab6067861b84bfbf87587d9d"
"77","268399","John","Roth","PSC 1134, Box 9292
APO AP 00744","collinsmichael@gmail.com","pbkdf2:sha256:260000$P9o4kITrzpsGYY6P$2e7746f9f20f25f8fada33a4333f4f79f0575f16985c5a8930a67ed4e7ab1301"
"78","494754","James","Stewart","2647 Daniels Summit
New Bryanview, CA 48927","katherineorozco@gmail.com","pbkdf2:sha256:260000$25jFXnbOkMR025ce$84d5428d1f83eddb3dd1bf7fd541b28de5e9a77a5f9e8d3c441f404bca6ad36b"
"79","237291","Kendra","MD","184 Scott Island Suite 149
East Jonhaven, MN 42108","jamesmarsh@yahoo.com","pbkdf2:sha256:260000$yp3I1YRRZZcieu52$b731b0258e97d72f63f7e77560baee56cfde80620cd45edc6ac2c1e7ef6aae7e"
"80","32942","Richard","Rice","20172 Jennifer Ridge Suite 183
New Patriciaborough, MI 36735","wrightangela@yahoo.com","pbkdf2:sha256:260000$ZqkJFGaGCNFWjFYt$c61073bfb951f5683695af071894eb446ba95c63c0cb6aba67dfbe5c06478706"
"81","367740","Shelby","Williams","50658 Mendez Tunnel Apt. 221
Farmerberg, KS 80393","jarnold@hotmail.com","pbkdf2:sha256:260000$nsjYhzd3UTMK2OuA$5d56e2beaa57d100fe2b298a0df210ddbd3ba996f660c02e5d8f4f41742bc6a3"
"82","260966","Daniel","Bryant","8425 Lowery Lake Apt. 752
West Stephen, ME 73326","brandonreynolds@hotmail.com","pbkdf2:sha256:260000$eke5jw6IrssaPAoP$8b6984ffe20a4c67229f92a1b7135fba4e495af5d66c10ffab6b8a6fc6a43873"
"83","127735","Timothy","Krause","9030 Young Locks
Marcusport, IA 88782","randygarza@yahoo.com","pbkdf2:sha256:260000$pQbMwESKfGpX9wIA$430c6b6454eba8d94a5370f4eff55926dfa2888bb7653327bfe204c70fb8fadc"
"84","397198","Chelsea","Franco","PSC 2284, Box 8224
APO AE 40897","michelle18@yahoo.com","pbkdf2:sha256:260000$2vRdby0uaKphm0xf$c833cdfe8d6b830666a9fe73cd4e852a6b7fe613c91220c0a104f997f2859dea"
"85","58915","Dylan","Cummings","440 Brandi Rapid
New Jaybury, ME 18827","carolyn99@yahoo.com","pbkdf2:sha256:260000$USFodr0tf7u1EumG$9e9f8449b9421d531254e7b3bb4083afe4bdc3aa00263178d473c7e7e3964b9c"
"86","241733","Andrew","Bryant","PSC 6679, Box 2142
APO AP 38387","jeanette84@gmail.com","pbkdf2:sha256:260000$Xk3b33xC2jvcahFV$c122f2cec5540ace4844d037c9e655a46438a972ff33d53262ecd472a3d65994"
"87","393895","Andrea","Nolan","Unit 9616 Box 4969
DPO AP 53211","williamsmichelle@yahoo.com","pbkdf2:sha256:260000$C9xVKVIiRYIVzhaT$7fa3c76e782f33f5d2bd812e81ee244130f27381d9bb8a103a301af308325980"
"88","473409","Eric","Johnson","42657 Garrett Brook Suite 240
North Kyle, WA 25372","sharontaylor@yahoo.com","pbkdf2:sha256:260000$80Q2NZlxDY11JejG$c3463599c0d182e36b2ffe75566d319cac0565110512d85909691175b4b54055"
"89","140347","Alice","Duncan","8946 Melissa Extension
Velasquezberg, CA 98010","rhiggins@gmail.com","pbkdf2:sha256:260000$YyvB4xx7RqI5OOLK$0a526ddd35f04792ac343b6fa7ce5f216abc3693c4fa21e0433b154a9b049cae"
"90","243495","Mary","Mckinney","2444 Simpson Street
Jenniferton, DC 21020","james76@hotmail.com","pbkdf2:sha256:260000$YyzqmbHzwR8YbhYp$07d210e4fb2cb45f4b3f950eb73a806e48ab112edcd76a3f6ef3ea0c8e6c1cd1"
"91","443945","Alison","Miller","58874 Kellie Fields Suite 378
Alanport, OK 35111","lcruz@hotmail.com","pbkdf2:sha256:260000$1NS80io68M8jn53r$da05d7f177c69afbe0df9aff2d5173eab4cc146782c743d46398a383bbbb1331"
"92","728","Jimmy","Nixon","9625 Ashley Falls Suite 321
New Glennstad, NY 65154","ballmary@gmail.com","pbkdf2:sha256:260000$inCxJd5f41X0XxAa$66f31e5ffaed44fde264009a9c0e9d84b329239cb8f038c7a7a5222423a147ff"
"93","159359","John","Johnson","35877 Farley Stravenue Apt. 221
New Alejandroside, PA 18121","tatejames@yahoo.com","pbkdf2:sha256:260000$zPUaGGxyFGOsHLjW$061d6b0576f9a14b011c144dcb13b0f286d0034d1a6738e7cd1d72ba8fdc616f"
"94","410355","Caitlyn","Harrell","9529 Phillips Fort Apt. 529
Alexandrafurt, FL 30641","petersonvalerie@yahoo.com","pbkdf2:sha256:260000$7jTDRr2QN3hVBXle$56ff4dc0a76f02dce8d1148d8a677a6a940750cf765a9ff497d9fdc57dda0194"
"95","8331","Thomas","Richardson","94125 Bradley Tunnel
Heidiborough, IN 25271","mariabryant@gmail.com","pbkdf2:sha256:260000$eCw6YmfgFkW7RJK7$4d4d39c01c104bfa4ed0f3c627150a33212d054b35ff920eefed540d49246308"
"96","32602","Samantha","Barber","52859 Mcclain Rest
North Jeremy, IL 05677","hsmith@hotmail.com","pbkdf2:sha256:260000$XnZErOgwwAGj4A47$acc65a09af3e20fb507464f59a0a84116880207f5a6a340811bd1c89cef1cc7d"
"97","91514","Thomas","Lee","3093 Emily Green Apt. 142
Tammyfurt, DE 54004","kevin88@gmail.com","pbkdf2:sha256:260000$6XWoA324j2KSZVgv$1279989615464b26ae4bd18a0db3b0c0bcccf57710e2fec3df664fb57ee6a504"
"98","78933","Meredith","Goodman","149 Jon Brook
Lisatown, SC 81766","grant82@yahoo.com","pbkdf2:sha256:260000$B4BSJyqKjFsmd11N$5b0046c867dd1a84ac8a0ddcbc2b27c76d625746b1c363b4bb78c10a99778016"
"99","390487","Angela","Ward","4030 Luis Ford Suite 515
New Tinamouth, WV 39847","imills@hotmail.com","pbkdf2:sha256:260000$0VySLxJ5BsiQB1bU$2288b031160c404b0cc616630b5454c9ad6a55aae23667b580c7b3040e76346f"
