"0","Gary","Cross","711 Golden Overpass
West Andreaville, MA 71317","zdavis@example.com","pbkdf2:sha256:50000$KkET8rHj$4a363a3614df0def7997581ac8e23061cfc753743b5abe0182d6294e99c7ab30","166223"
"1","Chelsea","Greer","Unit 0903 Box 2173
DPO AP 08507","charlesturner@example.com","pbkdf2:sha256:50000$e2yxGyMT$93c71c6f4d4772d4be6b365468ea2071c4fb207293472d1e7c53f442498bc45a","94538"
"2","Joan","Page","71427 Odonnell Rapids
North Troyport, NH 07035","valeriemorales@example.net","pbkdf2:sha256:50000$x8VKilHa$e3d1ca3ed2bd385f3958ac21314cc21782fd37d2aa53c10110c8f0fb47c26805","218882"
"3","Todd","Browning","765 Jared Radial Suite 022
Mathewstad, CO 44836","ralph82@example.com","pbkdf2:sha256:50000$J58Ubeyx$899fb383a88fb1abfba9b0ce9d1145f730f4568954dec2d5f775f4ace351911e","60238"
"4","Kristie","Roberts","53492 Lee Crescent Apt. 087
North Tyler, IL 84517","gonzaleznicholas@example.net","pbkdf2:sha256:50000$lAsUgKH5$1f2f1ff09cdfdc47eb7301d5fde0ee6aafa36d684070e050763b612e9cb22948","433579"
"5","Christopher","Hernandez","189 Julie Throughway
West Amanda, MT 63705","yangkevin@example.net","pbkdf2:sha256:50000$PWsZPW8s$b42bdef311c751f6f4aeec36083f8c4cf452fd73747e250359e052474fd1ad49","133410"
"6","Ashley","Dunn","519 Kramer Crossroad Suite 418
North Kimberly, MN 99672","tuckerrachel@example.net","pbkdf2:sha256:50000$weEvSGKr$28ea21c5b5c83fdf163d10fa7a88775527cba1d85ef484fe95a1a77ec7ffd585","349443"
"7","Steven","Clark","PSC 0450, Box 9322
APO AA 15232","michaelkennedy@example.com","pbkdf2:sha256:50000$RElkhYts$7a1ab519b285f71ad2e4b86d1fead4265ddf314dcf7f2109b0b8a19367426c77","155370"
"8","Kristin","Watts","37582 Ford Route Apt. 734
Port Hollymouth, IL 39633","rogerpotter@example.org","pbkdf2:sha256:50000$STciJIxl$c76157b0c99c59c028688429225913ee9b8943a80108ccab16478290bd72fd38","355560"
"9","Leslie","Taylor","857 Scott Divide Suite 093
West Thomastown, NC 09211","warddarren@example.org","pbkdf2:sha256:50000$mpcUqAse$43d93116d613bc858f8efa34e89320cc9ff6d766cce109dc8ba3f5f1d5491e1e","141729"
"10","Lisa","Bush","774 Lewis Grove Apt. 002
Adamtown, CA 56566","matthewgarcia@example.org","pbkdf2:sha256:50000$Se7A4mAJ$a66ad26aad77d4d11de9b080d271e32ac9f6da03d509d3635a309bf102e898f2","416698"
"11","Jeffrey","Hawkins","443 David Tunnel Apt. 263
West Nichole, AL 97746","david95@example.org","pbkdf2:sha256:50000$UYSclapy$f61c17f7ce9436c0e07a2d037ac6ad592d5d4b42964a9851d672cae65942b5b0","353832"
"12","Allison","Carlson","USNS Guerrero
FPO AA 97149","cassandrawarner@example.com","pbkdf2:sha256:50000$r1KknidJ$18eb00d0c44f7689ab6ea7e2f26e4fff09ec2bd97b956dfff6762009c5a1d74d","411759"
"13","Cassandra","Murphy","91662 Vincent Road Apt. 153
East Sonya, GA 97862","nmckinney@example.net","pbkdf2:sha256:50000$12zMLL6I$0718c2976d998afd7a97691bbd3052f18012524c9e191b492f0b7a74e1dfb4ba","20997"
"14","Melanie","Park","3195 Brenda Stravenue Suite 225
New Lisashire, MI 48105","aarcher@example.org","pbkdf2:sha256:50000$KzokcZY0$24ba70d5322df29c7fce65b413214ba20ee02ebdff99e49544205cb33dbbe666","298111"
"15","Jennifer","Mendez","Unit 2357 Box 0393
DPO AA 24767","zshields@example.net","pbkdf2:sha256:50000$oxsn5GTJ$8fbc503ce1143635e3d5ed01bb69591fd5b8d8ce8d84bc22fb56dcc3aa862492","52649"
"16","Rodney","Aguilar","67820 Ashlee Key Suite 013
Lake Amberton, AK 41762","mlambert@example.org","pbkdf2:sha256:50000$0tz5k5n5$79158a2da41a1ad6a5d846227aee1f86aad2ba98e1ae5bcb670aec1b2e9cff36","211918"
"17","Kelly","Mckinney","11695 Rogers Lane Suite 125
East Jessicatown, PA 25842","mbuck@example.net","pbkdf2:sha256:50000$dXV7GUBF$fabbd454bad0c17db6b17aa03d2df9621f457feb4962b2862c03c905df6ec88d","88164"
"18","Taylor","Murphy","34523 Perez Wells
Fordshire, MS 74545","zoesmith@example.com","pbkdf2:sha256:50000$RS0lMoq0$60eab39c4390c9c3552328d424538aff33e1ae0697c3511751feb62a862c7ed4","267432"
"19","Micheal","Munoz","155 Courtney Trafficway Suite 803
Gregoryshire, LA 50323","nicholas35@example.org","pbkdf2:sha256:50000$zBbv0bCs$ce66b243afd9651333cb286603e870abc845484ec3b08f18a33b7e15c55c42ca","69287"
"20","Maria","Harris","01575 Erica Land
Elizabethbury, OH 72804","natalieholmes@example.net","pbkdf2:sha256:50000$qXYyzZUW$4926436d33352b41db346295614aeca847116ff7eddbd5167b801df74e846fe7","346370"
"21","Charles","Shields","971 Hansen Well Suite 103
South Mary, KY 29941","jonesashley@example.org","pbkdf2:sha256:50000$2V03r02T$d87f53572fdc77ac4be1a080522efe24c9eac89aa41f9c045daeb5d62cfa11f1","387430"
"22","Joseph","Smith","90614 Jessica Fall Apt. 250
North Alan, AL 17495","agonzalez@example.net","pbkdf2:sha256:50000$uBOlcj8Z$90a5550db8682edc4626ce73cee249523c0c8ca8c55902dd341748188ea17e6f","470044"
"23","William","Flores","87727 Anderson Glens Suite 198
Loribury, IA 46513","transusan@example.com","pbkdf2:sha256:50000$zN43SK3J$cd3b98f14e502702d5d0e8cfd0c5687dae65e6aa9d306dc69e9ad5e44e7e7431","117431"
"24","Michael","Snyder","300 Dennis Mills Apt. 186
Nicolemouth, TX 25685","qgonzales@example.com","pbkdf2:sha256:50000$GIAsIMGW$9c622a8dcd2d33e33b45b16eef8812812d050c609083224e97a6a6adaa72f545","443545"
"25","Joshua","Jones","1039 Brianna Passage Suite 274
New Sergiobury, MS 98277","lesliesilva@example.com","pbkdf2:sha256:50000$rYm40lLb$22bde89403080443bdc42e1b6bf4b977c61e3cc2b0701c4d3019eaf214c8b3bb","33186"
"26","Kelly","Casey","3975 Joseph Keys
East Steven, DC 36784","austin90@example.com","pbkdf2:sha256:50000$fohLhEhy$4fce80b7b5bf21542a07681161a00e435ade5c7e8985ebf77d31e0c090d9ae8a","421186"
"27","Danielle","Beasley","345 Preston Station Apt. 652
East Jasminfort, AK 31760","barrymichael@example.com","pbkdf2:sha256:50000$X7GCjL50$576274b102f40eb9ee67cebadeedb048fa6eaacb5e69b02d16b6d28e50138867","65305"
"28","Joseph","Snyder","PSC 1036, Box 7465
APO AP 52444","michaelagill@example.org","pbkdf2:sha256:50000$2CkaOktS$4b33644aaf23cec745f0f786de08401511a5614283bf429d69d6f75c74723a0d","268055"
"29","David","Turner","39140 Sheila Ferry
Lake Michael, KY 01682","suzanne36@example.com","pbkdf2:sha256:50000$6stvn7jF$367dc53a312346c33f34f9003899fcb9065efe41d2e1a4dfe3bb56069e9ee8b2","387102"
"30","Gina","Taylor","PSC 4172, Box 1848
APO AP 53527","ginahess@example.org","pbkdf2:sha256:50000$v1WoLBsQ$2a20819d102153a77548ca8407d525f29932ccdfbcc16d2cdd98e2e3bf32f668","306459"
"31","Paula","Walter","0525 Christopher Fords
Shannonfort, ND 69503","harnold@example.org","pbkdf2:sha256:50000$ffnbxAY1$6674db766749c2a153e00f1b399b81c54c91a22fac65f5e1530256a7b82e9ce9","475241"
"32","Ashley","Williams","6037 Vega Vista Apt. 078
Port Paul, TX 76557","cherylstewart@example.com","pbkdf2:sha256:50000$QmjC2Ux4$fdb97ba13a678b421203353fee1cf83b51d12bb448be770331c2400ed278930f","225411"
"33","Patrick","Graves","49874 Farrell Orchard Suite 311
New Veronicashire, MA 96567","colonjessica@example.org","pbkdf2:sha256:50000$JJcHqZsE$b591418f93f23bf07f071bb4f804a512a09988314ce071a5b9fb39192688de32","427698"
"34","Leah","Bell","94930 Madison Streets Apt. 622
Ryanhaven, IN 88294","emma31@example.com","pbkdf2:sha256:50000$jo9gkOLq$64de5f471180a160ff0f4028adf1b72f5fd3eec850cd208c862e54c967874d05","256976"
"35","Linda","Russell","293 Burke Way
Emilyfort, SC 79519","villegasscott@example.net","pbkdf2:sha256:50000$iiEhCiy2$2261840f03135fcd0f212272b576b00ef7b0bf06f4e7ecb61993e6fe194d9089","357620"
"36","Kelly","DDS","283 Bell Prairie Apt. 964
North Shelly, NV 70785","rberry@example.com","pbkdf2:sha256:50000$Um7URLQu$e6cb481ec8a02a32b57ea9a78920590798a1fc355dbda3a4077cefc3eff71d27","339417"
"37","Dawn","Russell","238 Shawn Well
Port Johnshire, OH 17431","wallacecynthia@example.org","pbkdf2:sha256:50000$Y7nl07m9$4f1eb53ec9dc5f0b4ff363483d4e8f79b61eb6bbead0f016d7f5046e7325e661","419867"
"38","Thomas","Alexander","87210 Pena Freeway
Walshville, AR 89015","aaron20@example.org","pbkdf2:sha256:50000$Vcv2L3yU$6fdc08f24410a2be806724b18394027b0cdfd7f80adb52e788518a99d9a099b8","177892"
"39","Kenneth","Castro","46379 Lopez Route Apt. 969
West Michael, NJ 82930","kimberly23@example.com","pbkdf2:sha256:50000$fhsa9avh$5006289582de6e9d8d707575041715cd6bdcb3c0f32d4c2a002d5b6467f1e861","169640"
"40","Daniel","Patterson","94678 Brown Camp
West Nicholaschester, WY 85041","rreid@example.com","pbkdf2:sha256:50000$7zDVpuBl$e7975b2042ec14e168c375441411aeb3b2944995a512b70f50c806cefbe1af7c","80744"
"41","Brooke","Kemp","6094 Wolf Cliff Apt. 437
Amyborough, CA 56068","kyle00@example.net","pbkdf2:sha256:50000$9o9Cknmt$82d9ce193fb15456bdb10ed31a0c9f87371c10a34f5a12c51d5867a16196763e","22598"
"42","Vincent","Moss","322 Maria Street Suite 244
Port Billy, TN 46546","manuel19@example.net","pbkdf2:sha256:50000$U8f3fmjF$af414adf1a49b981b416071fd09703a813e3f1dc5dfc78b2c051c6a6a6064e9b","361963"
"43","Robin","Gregory","98308 Shawn Plains Suite 995
Michaeltown, MN 24886","aduran@example.net","pbkdf2:sha256:50000$06K38Pwc$c594ac9efac1651eadebb8f452433dbf31556f81b334f76c09e613233cd62a22","455406"
"44","Rhonda","Vaughan","290 Clark Meadows Apt. 312
Fullerfort, NV 91571","jenna30@example.com","pbkdf2:sha256:50000$sd8p2cBW$0e59e6ea98b28a7f8f370a02a9209a7203bcac1d14eab4d82959d46b61b8512f","483587"
"45","Zachary","Diaz","64767 Thomas Valleys
Port Roger, ID 35580","kcooper@example.com","pbkdf2:sha256:50000$K4BHhrFr$89c68a8708b9fb88fbc71ebdb9745d50dfd5d8419b1a4926766ce7691919bf0c","66874"
"46","Brandon","Miller","87452 Green Fall Apt. 138
Emmamouth, TN 12401","gregory33@example.org","pbkdf2:sha256:50000$KmpMxhlY$c60105eee244a1cdd5bf1046fb30cf728fe9293d784644a92e22e262891eb36c","65877"
"47","Robert","Perez","720 Anna Brook
Port Monica, MD 41373","patriciaward@example.com","pbkdf2:sha256:50000$E9vO1tOr$8584b107890ccefa491010c1d5e179e579c8e4af26a877bc8e6c2408dd2195f8","340486"
"48","Tara","Shaw","62108 Jacqueline Course Apt. 922
Lake Michael, CT 49871","kathrynhudson@example.net","pbkdf2:sha256:50000$YU077tit$fb6956b44a95e4a0693d78b532aa52d14a32ce2439a52e50ea4d923a7b362e6c","150459"
"49","Carlos","Cardenas","526 Kenneth Fall
North Robert, NY 59853","tonya21@example.org","pbkdf2:sha256:50000$RU528nXE$4af0cf4ea6a4bed33071ffdc6a7f9bbe01caef8c2d2a0b19d36907a0fc10c0f6","127036"
"50","Alyssa","Farley","938 Jason Summit
Gallowayville, GA 21419","snyderandre@example.org","pbkdf2:sha256:50000$IE42MHad$d6f5a77e12923a51e07dc201f416470b2a7b4580146fa012179f01b3a91be9bd","311545"
"51","Alexis","Williams","810 Ralph Via
Georgefurt, TN 42292","ericaperry@example.net","pbkdf2:sha256:50000$xORCAXzl$36e33a9305d24d686ead46959985bb138cec04fc0b0e0b867179579438604689","330436"
"52","Ralph","Richardson","0394 Matthew Cove Suite 754
West Heidistad, ID 45136","qmartinez@example.net","pbkdf2:sha256:50000$MQCOMKuu$4d9ac6f837a3bb238d4d58a11f0fb2e3df0dc248bedc8d304eec1bb62d111711","88544"
"53","Pamela","Morales","0617 Carlos Creek
Hallville, SC 76978","omills@example.org","pbkdf2:sha256:50000$8ouuXqjY$1fe2a9440e3a3dab785f55916d300d2b093c263e45d10f6b28561927ca173717","85487"
"54","Anne","Michael","535 Rowland Stravenue Suite 306
Richardtown, DE 41691","tamara53@example.net","pbkdf2:sha256:50000$GCgzzJOL$6a5629c244c99ca9503e45680b72cf928d617d312cc26e65f127bc131fc0afff","43441"
"55","Peter","Ellis","9484 Griffin Radial
Marcusland, NE 45181","grantashley@example.net","pbkdf2:sha256:50000$SaS0GvOQ$5c8bac5965dabdee60021a4ce74fe61fe0c9fc8fa263b8b360a0744cb14b836a","2629"
"56","Kristen","Gibson","5506 Thompson Haven Suite 088
Luisview, RI 82657","michaelgilbert@example.net","pbkdf2:sha256:50000$p0XZd6VX$5309c83cba47c821ad28faf463d8fcc3cc04d26c9e4a5a2b4c9eb785812bebc2","138637"
"57","Wesley","Harris","39787 White Greens Apt. 054
Conniebury, AL 08275","andrewbauer@example.org","pbkdf2:sha256:50000$OyisqzIV$4d926fe0cebd58cb3c08d900ee5ceca748afcc74f3d4acc439db093ff8b85952","496108"
"58","Brent","Hernandez","5263 Eric Mount Suite 930
Derekmouth, OK 12916","tsmith@example.net","pbkdf2:sha256:50000$se05XiQa$36ae8594dd0dbda154709e2428b3252d48a6010b0f724e8bdd48e31f83c7cd90","120208"
"59","Matthew","Cisneros","96654 Kelly Parks
Randybury, NH 26983","sharris@example.net","pbkdf2:sha256:50000$nfe9DrYv$bcfad4c1cc8ddb215f73d435e250dc17d4795889fc1bd49ce5a9152f6483722d","452938"
"60","Jaime","Rogers","58620 Samantha Route
Jaredchester, UT 85131","joshuaglass@example.net","pbkdf2:sha256:50000$A5ebyT6N$4883c4d3ff3c42f4a0668a51c77ab53e1c4a971cec7c4413b7991ba19214f326","89732"
"61","Juan","Coleman","77374 Lee Mission Apt. 939
Bellview, GA 17656","adrian73@example.com","pbkdf2:sha256:50000$NHQCRj9F$36fe501957fec433f88b4b1e31a4b7a57aae954cb44032c137a38e8ed4f3899e","117829"
"62","Nicole","Johnson","83379 Ross Center
Rosalesbury, MO 91081","fbrennan@example.com","pbkdf2:sha256:50000$e7Tpw3UK$d7df3a4af2b40d6837405b5c0a209920488efc8459a71f4bf5a8aae6fcf3f8d4","134390"
"63","Jennifer","Marshall","771 Danielle Valley
Josephfurt, ID 03753","ewilliams@example.net","pbkdf2:sha256:50000$6PYfVqXP$0895e01b074a01552e5f7d6862f26bbaa00289077c1955d1436d426ff541fc62","499204"
"64","Lori","Joseph","4199 Daniel Trail
South Michaelchester, HI 05373","kevinclements@example.net","pbkdf2:sha256:50000$Fa6j9BSE$339ce1d9af7b7aa75fc0bb80d7f91ae3bf538fd4ae4e9ed07dc6d63fd8f818bf","26844"
"65","Paul","Bowen","6442 Terri Port
Paynemouth, PA 25209","itaylor@example.org","pbkdf2:sha256:50000$9anhu5ds$315881afd3c8d50dc5ae568db0552c6277ad0468426b619f8efcbf9b18d250e9","377158"
"66","Rachel","Harris","6602 Mckinney Inlet
New Jamesfort, DE 80877","nortonmichael@example.com","pbkdf2:sha256:50000$Q1Wxylde$749b85da7d11557a06114858dd70a8a2526ad4f2ea0093d7188a45dbcefffac6","449539"
"67","Matthew","Clark","089 Drake Orchard
Howardchester, ME 57808","williamsnicholas@example.net","pbkdf2:sha256:50000$zT47pc36$c5682ebfa30b4a27fe3d9872c7395f5f3ab0c9f21d9a3c43b059c0b75759ff6b","110036"
"68","Tamara","Ochoa","00003 Rodriguez Street Apt. 447
Port Danielbury, KY 77963","samantha01@example.com","pbkdf2:sha256:50000$SzwVVndl$6cb0bc7281e7c85752e61397a2445afe9abe3e590a6e79a6b404934efdc5bb0a","152739"
"69","Jacqueline","Brooks","16323 Matthew Walk
Curtisville, PA 72403","kevin45@example.com","pbkdf2:sha256:50000$D3AamSvY$ee7339fe49e28baae889d498dc2d6bfbd1e012a91c30d586f05ee978532b6fe9","387363"
"70","Suzanne","Stuart","9052 Miller Shores
Knappberg, NH 62862","tapiaalicia@example.net","pbkdf2:sha256:50000$UDPKZJ8t$d317e709527d6d249ab2251d06f050bfb506b831491f7caec627539bc6dc0b7e","57061"
"71","Dr.","Holt","463 Christina Land
Hernandezchester, ND 64704","wkelly@example.com","pbkdf2:sha256:50000$7RGlS21E$de02f3a70f9e4e556e04c48b3a22c59a6af1af53e0d7d2080315e3c582cb58aa","352101"
"72","John","Perry","0575 Marcus Lakes Suite 118
Debraport, NE 45239","zpayne@example.net","pbkdf2:sha256:50000$3dvt9Ky2$bc50789b09c4dccff5f9b0894c7357108a1c6853aa8d188e34e61c1389059b05","184245"
"73","Wendy","MD","2749 Rebecca Court
Jefferyton, CO 59505","amanda91@example.net","pbkdf2:sha256:50000$gV9Suzcw$7df159cd0eb2e9bb7a50cb0374f49bb7d6cb80cbe3a21b616f5a165b443ee2c6","170126"
"74","Kevin","Hansen","377 Crystal Shores Suite 887
Coreytown, WV 46032","fwhite@example.net","pbkdf2:sha256:50000$TtGbj3Gt$1bf8bc1ea14dc8afbd21116e943b1ed5d8c72b68fd803795fc6741da2cb260d1","465038"
"75","Gina","Ibarra","6732 Williams Fields Apt. 702
East Aprilville, DE 56619","fishermatthew@example.org","pbkdf2:sha256:50000$lmsiHmVa$a68bd634d6ede18ec902df55e96efd5324937898ca5eb0f2de041782e6974cc4","354197"
"76","Kevin","Lynch","41309 Gray Shores
Clarkland, MI 64945","watkinsthomas@example.org","pbkdf2:sha256:50000$C9Av1vJo$92a3b20a49702577edaee174a46e113884a6a382468b553d4a8b9c0afa102af0","363443"
"77","Dennis","Taylor","73797 Michelle Manors
North Robert, OK 80397","jennifer83@example.net","pbkdf2:sha256:50000$41pq0JA8$af503b5c3010aeda11417254613c8d7bd5f639f87a4f72f02826812bcbdbfef4","482673"
"78","Zoe","Collins","Unit 9905 Box 5997
DPO AE 70224","allenmichael@example.com","pbkdf2:sha256:50000$ZQbK5lqe$5384946d3a5e84fd4b3551c267f11fe8904213c58464667dfa7ae128b4b42d2c","89479"
"79","Samantha","Serrano","87513 Collins Radial Apt. 001
New Roberto, NY 12950","amy87@example.com","pbkdf2:sha256:50000$WZMUy2ST$fa15e3fc59d4eb1f36a9569f5d1e079b1d452ddda9732f948e2c4a3d0faadaba","325497"
"80","Eric","Garcia","3438 Emily Glens Suite 641
North Sarahshire, DC 30356","ethantucker@example.org","pbkdf2:sha256:50000$HQFuaQEq$71290504c6f50b2c99d9b54d62468116508549b7ac05ff8905cd1fdfaba70a06","344051"
"81","Denise","Burch","32976 Holloway Place Apt. 914
Harveyville, WY 40307","kayla57@example.org","pbkdf2:sha256:50000$bRVmK5Or$25788dbb5fe1f1fec4e30d112d8074d5172ab7f07d8bb7190833c15f84a4cf8b","58639"
"82","Catherine","Stevens","5745 Morris Hollow
Clayfort, RI 84378","hernandezannette@example.org","pbkdf2:sha256:50000$kbypaSuO$5b95d2a7dc89054a3c767d81c471f7a6f86bb5604734543e6a32b1b83035c100","12818"
"83","Sonya","Lucas","4907 Ryan Run
Millerbury, NH 83856","petersenandrew@example.net","pbkdf2:sha256:50000$kOasJSIZ$4fb4256bb089638102a35d2bada9aa1493b2e394395ec7aeaf36a7855838d27a","210458"
"84","Michelle","Pham","633 David Estate Suite 987
Port Aaron, CT 02786","gordonjonathan@example.org","pbkdf2:sha256:50000$tzHKvuOG$79cc923c3f8e85d7658c1832c7080143511bdab2518905709d96265926005bc0","136240"
"85","Michael","Smith","668 Lewis Hill
East Brianton, SD 09250","anthony13@example.net","pbkdf2:sha256:50000$kmbJ9vuO$fd274431e74d269b314c7492992ad61bc7dfb078a928b89647cecf881d2b4d42","381106"
"86","Shannon","Smith","6107 Salas Groves
Ponceview, OR 20727","alyssa63@example.com","pbkdf2:sha256:50000$cMUqYBtQ$a63169b075a516381d838dce2d7d732a49aa06fdeaadece9cf15e7832dbf42a0","31834"
"87","Melody","Sosa","5525 Miller Junctions Suite 426
Walkerville, KY 59205","allenmathew@example.net","pbkdf2:sha256:50000$uij6XXjL$de11daa03e8fce593e1eb9d45d735ae7a1dd649e82323c23efe177359e42a04b","328167"
"88","Brandon","Jones","20574 Miles View Suite 209
Frankmouth, DE 57833","iperez@example.net","pbkdf2:sha256:50000$weCDfMxj$f8f0ee15670b0cecc8291643bb138e19d7d1bb512f9e783c59cbd2c6e6d6e043","250685"
"89","Ashley","Collins","6914 Fernandez Light
Kennethmouth, IN 38428","rogersdouglas@example.org","pbkdf2:sha256:50000$naZq6zRB$ffc312db208db94a35ddf254cf33a38ad5f25d8f541a404c743f8ba092266545","53983"
"90","Bryan","Scott","03107 Kristopher Parkways
Jenniferchester, WI 32030","fcarroll@example.org","pbkdf2:sha256:50000$Rfo0hV5C$683bbdef0aedd24b5ed794f331976fe811daa8feb7d91b5b79016a100b4b08c4","213387"
"91","Kenneth","Kemp","3119 Austin Mews
Christopherton, WA 17502","charles37@example.net","pbkdf2:sha256:50000$BjquOog1$af106b5dc15a687c8c454e69bac8543df46b68bcfc03069760a1be750e213878","491063"
"92","James","Allen","4320 Ortega Shores
West Jacobfort, SD 06445","allisonhubbard@example.net","pbkdf2:sha256:50000$rfelC6SJ$83587d8cb798ab473fc56d5ecd25ab2a9a3b06b23cbec9dba0c449aa97c8afa7","252898"
"93","Nicole","Long","113 Morris Centers Suite 885
Lake Priscillaview, KY 08369","johnrojas@example.org","pbkdf2:sha256:50000$pfHP3BLV$72a68585364edba601497318ffe812dfc070816876a49d3e78f6943623c6c11a","266517"
"94","Sharon","Kelly","3028 Thompson Vista Suite 494
Lake Sarastad, OK 48594","jonhunt@example.com","pbkdf2:sha256:50000$7iAUXCn7$54df9cddb9824063a1b843f43e0cae361a883c2b0823ed116d46b294d64d2bb5","372625"
"95","Abigail","Petersen","637 Carter Crossroad
Johnsonbury, WV 86825","rubenrodriguez@example.org","pbkdf2:sha256:50000$TyvE22lP$f3fb2c2e17dddde32ff6335042244818127bc028c91c121f0cac01c5cac94687","91337"
"96","Thomas","Horn","6458 Wilcox Isle
North Jessica, KY 46514","qwagner@example.com","pbkdf2:sha256:50000$8OoVlqMJ$2390a423f4985ab28f8dfa0b2369b9edc1df64e07684ac3c917ad1010d4ac90b","472318"
"97","Julia","DDS","2989 Rose Locks Suite 457
Paulville, DC 65708","janetpetty@example.net","pbkdf2:sha256:50000$p85MWguC$07c7495160d139a8a4acafa6875a4d9b931dc1550c53f2a5b37eaec9b1096111","329206"
"98","Melissa","Roman","775 John Key Suite 929
Newtonmouth, MD 98133","patrick08@example.com","pbkdf2:sha256:50000$dAiwD7ed$5478579eb24da89d57eade446e3306765304b8c5a2d1d20627e2e2063544e030","115978"
"99","James","Gray","0092 White Mount Suite 975
Denisestad, NM 05301","watsonchelsea@example.net","pbkdf2:sha256:50000$hPVJ8N4b$7dc1ca99f074c322e4831f96ee15000110ae3ac152f736bc6b9ea1078c36361d","60554"
